40.68358,-73.97617,2021_04_13_00:00:00
40.69754,-73.98312,2019_05_21_00:00:00
40.843464,-73.836,2021_02_26_00:00:00
40.692547,-73.990974,2021_03_09_00:00:00
40.626457,-73.918,2021_03_31_00:00:00
40.526894,-74.16728,2021_04_06_00:00:00
40.840775,-73.87246,2021_04_09_00:00:00
40.694035,-73.72679,2021_04_14_00:00:00
40.857365,-73.84657,2021_04_15_00:00:00
40.698807,-73.91837,2021_04_14_00:00:00
40.71402,-73.74827,2021_04_14_00:00:00
40.815,-73.89402,2021_04_16_00:00:00
40.55079,-74.20098,2021_04_16_00:00:00
40.655903,-73.89817,2021_04_15_00:00:00
40.890076,-73.819855,2021_04_16_00:00:00
40.650402,-73.89422,2021_04_15_00:00:00
40.79335,-73.97275,2021_04_16_00:00:00
40.72538,-74.00011,2021_04_16_00:00:00
40.75184,-73.90358,2021_04_15_00:00:00
40.649788,-73.9622,2021_04_16_00:00:00
40.686928,-73.920815,2021_04_16_00:00:00
40.712963,-73.93647,2021_04_14_00:00:00
40.801285,-73.95394,2021_04_14_00:00:00
40.633976,-74.02211,2021_04_14_00:00:00
40.670296,-73.997604,2021_04_15_00:00:00
40.66423,-73.919106,2021_04_16_00:00:00
40.817696,-73.922615,2021_04_14_00:00:00
40.668495,-73.925606,2021_04_13_00:00:00
40.841087,-73.86447,2021_04_15_00:00:00
40.70955,-73.95887,2021_04_15_00:00:00
40.733376,-73.86665,2021_04_15_00:00:00
40.700356,-73.95732,2021_04_14_00:00:00
40.83801,-73.87329,2021_04_14_00:00:00
40.66584,-73.75551,2021_04_16_00:00:00
40.761436,-73.76995,2021_04_15_00:00:00
40.74958,-73.86541,2021_04_16_00:00:00
40.73197,-73.78651,2021_04_16_00:00:00
40.76249,-73.839584,2021_04_16_00:00:00
40.668507,-73.779625,2021_04_16_00:00:00
40.638268,-73.93187,2021_04_15_00:00:00
40.696735,-73.93481,2021_04_12_00:00:00
40.870823,-73.8721,2021_04_14_00:00:00
40.574867,-74.00069,2021_04_14_00:00:00
40.866577,-73.8722,2021_04_14_00:00:00
40.775414,-73.91984,2021_04_16_00:00:00
40.84744,-73.89968,2021_04_15_00:00:00
40.542908,-74.15579,2021_04_14_00:00:00
40.78468,-73.80911,2021_04_14_00:00:00
40.632416,-73.94724,2021_04_15_00:00:00
40.714207,-73.92817,2021_04_15_00:00:00
40.727913,-73.873245,2021_04_16_00:00:00
40.854485,-73.854645,2021_04_15_00:00:00
40.698986,-73.91671,2021_04_13_00:00:00
40.841717,-73.94435,2021_04_16_00:00:00
40.861687,-73.82435,2021_04_15_00:00:00
40.691822,-73.92223,2021_04_16_00:00:00
40.856014,-73.91213,2021_04_10_00:00:00
40.83383,-73.921234,2021_04_14_00:00:00
40.68781,-73.9237,2021_04_09_00:00:00
40.642044,-73.98124,2021_04_14_00:00:00
40.69814,-73.89111,2021_04_16_00:00:00
40.64664,-73.9246,2021_04_14_00:00:00
40.680897,-73.95118,2021_04_16_00:00:00
40.760822,-73.99832,2021_04_15_00:00:00
40.74608,-73.974945,2021_04_14_00:00:00
40.626293,-74.01572,2021_04_16_00:00:00
40.767967,-73.96822,2021_04_15_00:00:00
40.673634,-73.89294,2021_04_15_00:00:00
40.579212,-73.976265,2021_04_15_00:00:00
40.57365,-74.11252,2021_04_16_00:00:00
40.73632,-73.85631,2021_04_14_00:00:00
40.619396,-73.969574,2021_04_14_00:00:00
40.820263,-73.92976,2021_04_16_00:00:00
40.601864,-74.00232,2021_04_14_00:00:00
40.810318,-73.943634,2021_04_15_00:00:00
40.666306,-73.79171,2021_04_14_00:00:00
40.708805,-73.92577,2021_04_16_00:00:00
40.826424,-73.85868,2021_04_14_00:00:00
40.63174,-73.96793,2021_04_13_00:00:00
40.727146,-73.954735,2021_04_16_00:00:00
40.67253,-73.798386,2021_04_11_00:00:00
40.702335,-73.89073,2021_04_16_00:00:00
40.587894,-73.95504,2021_04_14_00:00:00
40.67922,-73.90405,2021_04_16_00:00:00
40.65047,-73.917366,2021_04_16_00:00:00
40.836555,-73.94306,2021_04_16_00:00:00
40.870056,-73.83222,2021_04_13_00:00:00
40.579372,-74.16948,2021_04_15_00:00:00
40.805138,-73.945244,2021_04_01_00:00:00
40.85968,-73.90427,2021_04_15_00:00:00
40.605595,-73.98404,2021_04_15_00:00:00
40.819214,-73.84662,2021_04_15_00:00:00
40.827972,-73.88707,2021_04_16_00:00:00
40.66496,-73.82226,2021_04_16_00:00:00
40.719177,-73.79223,2021_04_14_00:00:00
40.748825,-73.96984,2021_04_14_00:00:00
40.733597,-73.91062,2021_04_16_00:00:00
40.54048,-74.153404,2021_04_14_00:00:00
40.738403,-73.93864,2021_04_14_00:00:00
40.68039,-73.94956,2021_04_15_00:00:00
40.817627,-73.92366,2021_04_14_00:00:00
40.751446,-74.001434,2021_04_15_00:00:00
40.76161,-73.97076,2021_04_15_00:00:00
40.689648,-73.9184,2021_04_15_00:00:00
40.596977,-73.97324,2021_04_15_00:00:00
40.63864,-74.02245,2021_04_16_00:00:00
40.565254,-74.1301,2021_04_14_00:00:00
40.655895,-73.898224,2021_04_14_00:00:00
40.68821,-73.96583,2021_04_14_00:00:00
40.71649,-73.98484,2021_04_15_00:00:00
40.876785,-73.87446,2021_04_16_00:00:00
40.86367,-73.86741,2021_04_16_00:00:00
40.835827,-73.89068,2021_04_14_00:00:00
40.793396,-73.94043,2021_04_15_00:00:00
40.84827,-73.88312,2021_04_14_00:00:00
40.656273,-73.90731,2021_04_14_00:00:00
40.693462,-73.965485,2021_04_16_00:00:00
40.66725,-73.88799,2021_04_15_00:00:00
40.844105,-73.923065,2021_04_13_00:00:00
40.651707,-73.93121,2021_04_16_00:00:00
40.680496,-73.821365,2021_04_15_00:00:00
40.834415,-73.92854,2021_04_15_00:00:00
40.7357,-73.90377,2021_04_15_00:00:00
40.771038,-73.83413,2021_04_15_00:00:00
40.69484,-73.98391,2021_04_14_00:00:00
40.785774,-73.97052,2021_04_14_00:00:00
40.733017,-73.8852,2021_04_14_00:00:00
40.709023,-73.757835,2021_04_16_00:00:00
40.692886,-73.832184,2021_04_14_00:00:00
40.620487,-74.029305,2021_04_15_00:00:00
40.618595,-73.99847,2021_04_14_00:00:00
40.803787,-73.953896,2021_04_14_00:00:00
40.82319,-73.889496,2021_04_15_00:00:00
40.680088,-73.94398,2021_04_14_00:00:00
40.827927,-73.90094,2021_04_14_00:00:00
40.66895,-73.9339,2021_04_14_00:00:00
40.879055,-73.87439,2021_04_15_00:00:00
40.67043,-73.928185,2021_04_14_00:00:00
40.875874,-73.84989,2021_04_16_00:00:00
40.675037,-73.930534,2021_04_13_00:00:00
40.767582,-73.9109,2021_04_16_00:00:00
40.734352,-74.00849,2021_04_14_00:00:00
40.63083,-73.90736,2021_04_16_00:00:00
40.63532,-73.95033,2021_04_14_00:00:00
40.714073,-73.95087,2021_04_13_00:00:00
40.702194,-73.93587,2021_04_14_00:00:00
40.764362,-73.96162,2021_04_14_00:00:00
40.69496,-73.946236,2021_04_12_00:00:00
40.79656,-73.97226,2021_04_16_00:00:00
40.805016,-73.92109,2021_04_14_00:00:00
40.66406,-73.73846,2021_04_14_00:00:00
40.7963,-73.93829,2021_04_13_00:00:00
40.66563,-73.73921,2021_04_14_00:00:00
40.680477,-73.7921,2021_04_15_00:00:00
40.737785,-73.93496,2021_04_16_00:00:00
40.778606,-73.98163,2021_04_16_00:00:00
40.75868,-73.87552,2021_04_16_00:00:00
40.856045,-73.90079,2021_04_14_00:00:00
40.880257,-73.843864,2021_04_14_00:00:00
40.60677,-73.759575,2021_04_15_00:00:00
40.695683,-73.741875,2021_04_16_00:00:00
40.667236,-73.770004,2021_04_16_00:00:00
40.8351,-73.8825,2021_04_14_00:00:00
40.633682,-73.89868,2021_04_15_00:00:00
40.698116,-73.977325,2021_04_14_00:00:00
40.84747,-73.89134,2021_04_16_00:00:00
40.8047,-73.91243,2021_04_14_00:00:00
40.762676,-73.954346,2021_04_16_00:00:00
40.7158,-73.824486,2021_04_16_00:00:00
40.75584,-73.99238,2021_04_15_00:00:00
40.772102,-73.763954,2021_04_15_00:00:00
40.681602,-73.95855,2021_04_14_00:00:00
40.62677,-73.946884,2021_04_15_00:00:00
40.707493,-73.94153,2021_04_14_00:00:00
40.8252,-73.867714,2021_04_15_00:00:00
40.854115,-73.89091,2021_04_12_00:00:00
40.768875,-73.94898,2021_04_16_00:00:00
40.629707,-73.90486,2021_04_16_00:00:00
40.72654,-73.71589,2021_04_15_00:00:00
40.634415,-74.08535,2021_04_15_00:00:00
40.66937,-73.89523,2021_04_15_00:00:00
40.89466,-73.86137,2021_04_16_00:00:00
40.669067,-73.9878,2021_04_16_00:00:00
40.681484,-73.85049,2021_04_15_00:00:00
40.82433,-73.874374,2021_04_14_00:00:00
40.856606,-73.92841,2021_04_14_00:00:00
40.65785,-73.91648,2021_04_08_00:00:00
40.62764,-73.89022,2021_04_14_00:00:00
40.58401,-73.98587,2021_04_09_00:00:00
40.71791,-73.95341,2021_04_14_00:00:00
40.780437,-73.94989,2021_04_15_00:00:00
40.73973,-73.70625,2021_04_14_00:00:00
40.7952,-73.94623,2021_04_05_00:00:00
40.694794,-73.98246,2021_04_14_00:00:00
40.614063,-74.01393,2021_04_16_00:00:00
40.633152,-73.97762,2021_04_16_00:00:00
40.612736,-74.01172,2021_04_16_00:00:00
40.70166,-73.961464,2021_04_15_00:00:00
40.80641,-73.94227,2021_04_14_00:00:00
40.762234,-73.98987,2021_04_14_00:00:00
40.863647,-73.8918,2021_04_15_00:00:00
40.576626,-73.98478,2021_04_15_00:00:00
40.60118,-73.99098,2021_04_14_00:00:00
40.64721,-74.01531,2021_04_14_00:00:00
40.681145,-73.7923,2021_04_15_00:00:00
40.57529,-73.97655,2021_04_15_00:00:00
40.786,-73.84574,2021_04_16_00:00:00
40.601128,-73.997086,2021_04_15_00:00:00
40.827923,-73.93483,2021_04_15_00:00:00
40.805824,-73.954636,2021_04_05_00:00:00
40.642776,-74.02003,2021_04_14_00:00:00
40.86674,-73.92873,2021_04_14_00:00:00
40.678375,-73.9265,2021_04_12_00:00:00
40.74209,-73.984985,2021_04_14_00:00:00
40.81228,-73.90941,2021_04_16_00:00:00
40.604195,-73.97218,2021_04_16_00:00:00
40.84383,-73.886375,2021_04_11_00:00:00
40.759163,-73.988396,2021_04_16_00:00:00
40.652927,-73.959335,2021_04_15_00:00:00
40.69097,-73.94833,2021_04_14_00:00:00
40.718864,-73.97483,2021_04_16_00:00:00
40.683174,-73.87389,2021_04_15_00:00:00
40.749744,-73.884315,2021_04_15_00:00:00
40.738316,-73.98773,2021_04_16_00:00:00
40.839382,-73.84531,2021_04_08_00:00:00
40.66806,-73.90394,2021_04_16_00:00:00
40.74715,-73.985504,2021_04_16_00:00:00
40.663776,-73.889915,2021_04_14_00:00:00
40.843903,-73.927284,2021_04_16_00:00:00
40.836296,-73.87369,2021_04_14_00:00:00
40.655285,-73.93658,2021_04_15_00:00:00
40.70166,-73.961464,2021_04_09_00:00:00
40.64606,-74.01648,2021_04_16_00:00:00
40.72119,-73.761185,2021_04_15_00:00:00
40.708363,-73.87203,2021_04_15_00:00:00
40.674004,-73.81881,2021_04_14_00:00:00
40.729176,-73.87898,2021_04_14_00:00:00
40.86832,-73.83317,2021_04_15_00:00:00
40.598515,-73.766464,2021_04_14_00:00:00
40.695004,-73.9525,2021_03_20_00:00:00
40.72773,-73.90674,2021_04_14_00:00:00
40.704563,-73.91066,2021_04_16_00:00:00
40.66807,-73.80789,2021_04_14_00:00:00
40.66944,-73.883995,2021_04_14_00:00:00
40.684082,-73.90864,2021_04_09_00:00:00
40.69349,-73.97917,2021_04_14_00:00:00
40.765266,-73.81517,2021_04_16_00:00:00
40.74613,-73.83605,2021_04_14_00:00:00
40.74708,-73.98135,2021_04_15_00:00:00
40.87482,-73.877,2021_04_15_00:00:00
40.70399,-73.85589,2021_04_14_00:00:00
40.649788,-73.9622,2021_04_16_00:00:00
40.69507,-73.80114,2021_04_11_00:00:00
40.788673,-73.97136,2021_04_15_00:00:00
40.847897,-73.92499,2021_04_15_00:00:00
40.68896,-73.93326,2021_04_14_00:00:00
40.695377,-73.94921,2021_04_13_00:00:00
40.880657,-73.877625,2021_04_16_00:00:00
40.828114,-73.93107,2021_04_16_00:00:00
40.781265,-73.97599,2021_04_16_00:00:00
40.848736,-73.93234,2021_04_16_00:00:00
40.65989,-73.90536,2021_04_15_00:00:00
40.748436,-73.984566,2021_04_16_00:00:00
40.61033,-73.95932,2021_04_15_00:00:00
40.752556,-73.92972,2021_04_14_00:00:00
40.829697,-73.91313,2021_04_14_00:00:00
40.718826,-73.98424,2021_04_14_00:00:00
40.65241,-73.9264,2021_04_16_00:00:00
40.852673,-73.919106,2021_04_15_00:00:00
40.851555,-73.952446,2021_04_16_00:00:00
40.707928,-73.784294,2021_04_16_00:00:00
40.891876,-73.8616,2021_04_06_00:00:00
40.58947,-73.80105,2021_04_15_00:00:00
40.74668,-73.9745,2021_04_01_00:00:00
40.85814,-73.895744,2021_04_14_00:00:00
40.708626,-73.94513,2021_04_16_00:00:00
40.73464,-73.87421,2021_04_14_00:00:00
40.62855,-73.952835,2021_04_16_00:00:00
40.65563,-73.92596,2021_04_14_00:00:00
40.687046,-73.792114,2021_04_16_00:00:00
40.70326,-73.86474,2021_04_14_00:00:00
40.633114,-73.94928,2021_04_14_00:00:00
40.62046,-74.07641,2021_04_14_00:00:00
40.75964,-73.95817,2021_04_14_00:00:00
40.64254,-73.87652,2021_04_13_00:00:00
40.783146,-73.97833,2021_04_15_00:00:00
40.705452,-73.78149,2021_04_14_00:00:00
40.74425,-73.7334,2021_04_15_00:00:00
40.75348,-73.980896,2021_04_14_00:00:00
40.84307,-73.848076,2021_04_14_00:00:00
40.620914,-73.9753,2021_04_15_00:00:00
40.80889,-73.95581,2021_04_04_00:00:00
40.78847,-73.968895,2021_04_15_00:00:00
40.712776,-73.90601,2021_04_14_00:00:00
40.75868,-73.87552,2021_04_16_00:00:00
40.74661,-73.86473,2021_04_16_00:00:00
40.835705,-73.88875,2021_04_16_00:00:00
40.688404,-73.93803,2021_03_28_00:00:00
40.781715,-73.823845,2021_04_12_00:00:00
40.730644,-73.97329,2021_04_02_00:00:00
40.75218,-73.85201,2021_04_16_00:00:00
40.731422,-73.94641,2021_04_16_00:00:00
40.761234,-73.96389,2021_04_15_00:00:00
40.668976,-73.90668,2021_04_10_00:00:00
40.637276,-73.93177,2021_04_15_00:00:00
40.788685,-73.94386,2021_04_11_00:00:00
40.87356,-73.81853,2021_04_16_00:00:00
40.795006,-73.9485,2021_04_14_00:00:00
40.820095,-73.955086,2021_04_15_00:00:00
40.594334,-73.990944,2021_04_14_00:00:00
40.666306,-73.79171,2021_04_14_00:00:00
40.673008,-73.97851,2021_04_14_00:00:00
40.583626,-73.98407,2021_04_14_00:00:00
40.874474,-73.90031,2021_04_14_00:00:00
40.633995,-73.98138,2021_04_14_00:00:00
40.772327,-73.94531,2021_04_14_00:00:00
40.704937,-73.94932,2021_04_15_00:00:00
40.653873,-74.008156,2021_04_14_00:00:00
40.677917,-73.93861,2021_04_08_00:00:00
40.59857,-73.9689,2021_04_14_00:00:00
40.809563,-73.92923,2021_04_14_00:00:00
40.68836,-73.96444,2021_04_16_00:00:00
40.666737,-73.90224,2021_04_14_00:00:00
40.713173,-73.90076,2021_04_14_00:00:00
40.73006,-73.710754,2021_04_15_00:00:00
40.652317,-73.92752,2021_04_13_00:00:00
40.76122,-73.93056,2021_04_15_00:00:00
40.588722,-73.960464,2021_04_12_00:00:00
40.643456,-73.972725,2021_04_14_00:00:00
40.865532,-73.86238,2021_04_12_00:00:00
40.67612,-73.936005,2021_04_16_00:00:00
40.620663,-74.1524,2021_04_15_00:00:00
40.72166,-73.888664,2021_04_15_00:00:00
40.733723,-73.72516,2021_04_14_00:00:00
40.745686,-73.97213,2021_04_14_00:00:00
40.875294,-73.9088,2021_04_14_00:00:00
40.803555,-73.91184,2021_04_15_00:00:00
40.7605,-73.95699,2021_04_15_00:00:00
40.661995,-73.91959,2021_04_16_00:00:00
40.69045,-73.959435,2021_04_16_00:00:00
40.658672,-73.90019,2021_04_16_00:00:00
40.711227,-73.72826,2021_04_15_00:00:00
40.700485,-73.93637,2021_04_14_00:00:00
40.816555,-73.91755,2021_04_14_00:00:00
40.861862,-73.91282,2021_04_15_00:00:00
40.875793,-73.85465,2021_04_14_00:00:00
40.68657,-73.776146,2021_04_16_00:00:00
40.654705,-74.00731,2021_04_14_00:00:00
40.637054,-73.98643,2021_04_14_00:00:00
40.6191,-74.159615,2021_04_16_00:00:00
40.734566,-73.72269,2021_04_14_00:00:00
40.714912,-73.94784,2021_04_13_00:00:00
40.74734,-73.88673,2021_04_14_00:00:00
40.6963,-73.97545,2021_04_16_00:00:00
40.63598,-73.915146,2021_04_16_00:00:00
40.724358,-73.742516,2021_04_14_00:00:00
40.586277,-73.9862,2016_04_16_00:00:00
40.671932,-73.85165,2021_04_16_00:00:00
40.650703,-73.920586,2021_04_10_00:00:00
40.61378,-74.07225,2021_04_16_00:00:00
40.727375,-73.90313,2021_04_15_00:00:00
40.573204,-74.09711,2021_04_14_00:00:00
40.671604,-73.86907,2021_04_15_00:00:00
40.740276,-73.92782,2021_04_15_00:00:00
40.684,-73.95031,2021_04_06_00:00:00
40.704494,-73.81743,2021_04_15_00:00:00
40.845642,-73.90211,2021_04_16_00:00:00
40.82681,-73.85361,2021_04_15_00:00:00
40.681168,-73.92941,2021_04_06_00:00:00
40.662476,-73.768326,2021_04_13_00:00:00
40.64739,-73.92314,2021_04_09_00:00:00
40.687138,-73.75136,2021_04_15_00:00:00
40.865143,-73.87204,2021_04_15_00:00:00
40.866673,-73.90896,2021_04_14_00:00:00
40.72313,-73.90614,2021_04_10_00:00:00
40.674934,-73.80186,2021_04_15_00:00:00
40.708363,-73.92401,2021_04_15_00:00:00
40.739525,-73.92512,2021_04_16_00:00:00
40.637997,-74.02136,2021_04_14_00:00:00
40.750965,-73.94027,2021_04_14_00:00:00
40.671585,-73.99843,2020_04_15_00:00:00
40.694294,-73.74868,2021_04_15_00:00:00
40.810173,-73.95117,2021_04_08_00:00:00
40.694748,-73.73427,2021_04_16_00:00:00
40.687103,-73.89251,2021_04_14_00:00:00
40.861744,-73.911804,2021_04_14_00:00:00
40.741074,-73.7258,2021_04_15_00:00:00
40.67875,-73.794,2021_04_13_00:00:00
40.666943,-73.890144,2021_04_14_00:00:00
40.6635,-73.94276,2021_04_16_00:00:00
40.827824,-73.91934,2021_04_16_00:00:00
40.575832,-74.12409,2021_04_15_00:00:00
40.730366,-73.91388,2021_04_14_00:00:00
40.640945,-73.94852,2021_04_15_00:00:00
40.784237,-73.947075,2021_04_15_00:00:00
40.76803,-73.87722,2021_04_15_00:00:00
40.669823,-73.90981,2021_04_14_00:00:00
40.659336,-73.92726,2021_04_10_00:00:00
40.616093,-74.14523,2021_04_16_00:00:00
40.763546,-73.88209,2021_04_16_00:00:00
40.637234,-73.97266,2021_04_15_00:00:00
40.62614,-74.14276,2021_04_15_00:00:00
40.638313,-73.95751,2021_04_16_00:00:00
40.651352,-73.89275,2021_04_16_00:00:00
40.696564,-73.79125,2021_04_15_00:00:00
40.72728,-73.97906,2021_04_15_00:00:00
40.67816,-73.897484,2021_04_16_00:00:00
40.905174,-73.85417,2021_04_13_00:00:00
40.754044,-73.990074,2021_04_14_00:00:00
40.755234,-73.941246,2021_04_14_00:00:00
40.708675,-73.93699,2021_04_10_00:00:00
40.65103,-73.93032,2021_04_16_00:00:00
40.645985,-74.00723,2021_04_14_00:00:00
40.794773,-73.816185,2021_04_15_00:00:00
40.845467,-73.940475,2021_04_16_00:00:00
40.643875,-74.01887,2021_04_16_00:00:00
40.658947,-73.73472,2021_04_14_00:00:00
40.69168,-73.999344,2021_04_15_00:00:00
40.59727,-73.99868,2021_04_15_00:00:00
40.878155,-73.84005,2021_04_14_00:00:00
40.696983,-73.935234,2021_04_02_00:00:00
40.821075,-73.882126,2021_04_14_00:00:00
40.88765,-73.84167,2021_04_14_00:00:00
40.687843,-73.82005,2021_04_14_00:00:00
40.673252,-73.87773,2021_04_14_00:00:00
40.6699,-73.95116,2021_04_14_00:00:00
40.667683,-73.99608,2021_04_16_00:00:00
40.63529,-73.958206,2021_04_14_00:00:00
40.71772,-73.96202,2021_04_13_00:00:00
40.857605,-73.93778,2021_04_16_00:00:00
40.7491,-73.984085,2021_04_16_00:00:00
40.71493,-73.79316,2021_04_15_00:00:00
40.721985,-73.98552,2021_04_16_00:00:00
40.67983,-73.9583,2021_04_16_00:00:00
40.730198,-73.954254,2021_04_15_00:00:00
40.821117,-73.957466,2021_04_15_00:00:00
40.849167,-73.92393,2021_04_14_00:00:00
40.579826,-73.97622,2021_04_13_00:00:00
40.681335,-73.97667,2021_04_15_00:00:00
40.756725,-73.96,2021_04_15_00:00:00
40.756557,-73.87594,2021_04_14_00:00:00
40.67792,-73.9182,2021_04_15_00:00:00
40.607876,-73.92554,2021_04_14_00:00:00
40.607643,-74.03375,2021_04_16_00:00:00
40.540188,-74.149,2021_04_15_00:00:00
40.616306,-74.03348,2021_04_15_00:00:00
40.583874,-73.823044,2021_04_13_00:00:00
40.877827,-73.879585,2021_04_14_00:00:00
40.714554,-73.83147,2021_04_14_00:00:00
40.763668,-73.82303,2021_04_15_00:00:00
40.705246,-73.95908,2021_04_16_00:00:00
40.77451,-73.838036,2021_04_15_00:00:00
40.797405,-73.942535,2021_04_08_00:00:00
40.74058,-73.978935,2021_04_01_00:00:00
40.829723,-73.8981,2021_04_14_00:00:00
40.7406,-73.81025,2021_04_05_00:00:00
40.71363,-73.917885,2021_04_16_00:00:00
40.647594,-73.97351,2021_04_15_00:00:00
40.71975,-73.992165,2021_04_10_00:00:00
40.834503,-73.93037,2021_04_13_00:00:00
40.63115,-74.076454,2021_04_15_00:00:00
40.835724,-73.92129,2021_04_10_00:00:00
40.6354,-74.106674,2021_04_15_00:00:00
40.781647,-73.833664,2021_04_07_00:00:00
40.68837,-73.98056,2021_04_14_00:00:00
40.790417,-73.95184,2021_04_16_00:00:00
40.6481,-73.91474,2021_04_15_00:00:00
40.71275,-73.7673,2021_04_16_00:00:00
40.60069,-74.010056,2021_04_14_00:00:00
40.738068,-73.861046,2021_04_14_00:00:00
40.680496,-73.821365,2021_04_15_00:00:00
40.61924,-73.954124,2021_04_16_00:00:00
40.629105,-74.034645,2021_04_16_00:00:00
40.699818,-73.920135,2021_04_14_00:00:00
40.69802,-73.7623,2021_04_14_00:00:00
40.62893,-73.971375,2021_04_16_00:00:00
40.831177,-73.942085,2021_04_16_00:00:00
40.675037,-73.930534,2021_04_02_00:00:00
40.64884,-73.95102,2021_04_14_00:00:00
40.600883,-73.958694,2021_04_13_00:00:00
40.766586,-73.9531,2021_04_15_00:00:00
40.833126,-73.828285,2021_04_14_00:00:00
40.834675,-73.930275,2021_04_10_00:00:00
40.863647,-73.8918,2021_04_15_00:00:00
40.593002,-74.159,2021_04_14_00:00:00
40.689426,-73.94223,2021_04_10_00:00:00
40.75458,-73.99915,2021_04_14_00:00:00
40.741394,-73.82303,2021_04_14_00:00:00
40.676594,-73.89038,2021_04_14_00:00:00
40.76468,-73.9643,2021_04_16_00:00:00
40.832764,-73.94583,2021_04_15_00:00:00
40.698544,-73.96236,2021_04_14_00:00:00
40.747536,-73.89344,2021_04_14_00:00:00
40.540833,-74.159386,2021_04_14_00:00:00
40.670017,-73.746185,2021_04_14_00:00:00
40.694996,-73.97022,2021_04_15_00:00:00
40.676758,-73.917404,2021_04_16_00:00:00
40.80124,-73.94183,2021_04_14_00:00:00
40.667377,-73.880394,2021_04_15_00:00:00
40.734135,-73.9992,2021_04_15_00:00:00
40.679935,-73.91389,2021_04_14_00:00:00
40.684475,-73.97408,2021_04_16_00:00:00
40.67816,-74.01416,2021_04_15_00:00:00
40.79099,-73.96518,2021_04_16_00:00:00
40.780125,-73.95304,2021_04_14_00:00:00
40.800262,-73.94554,2021_04_15_00:00:00
40.682842,-73.9766,2021_04_15_00:00:00
40.660316,-73.913216,2021_04_15_00:00:00
40.8053,-73.94728,2021_04_04_00:00:00
40.834507,-73.91772,2021_04_15_00:00:00
40.758224,-73.91741,2021_04_16_00:00:00
40.824734,-73.94854,2021_04_14_00:00:00
40.855873,-73.79149,2021_04_14_00:00:00
40.686115,-73.86992,2021_04_15_00:00:00
40.693176,-73.95214,2021_04_16_00:00:00
40.755337,-73.843254,2021_04_16_00:00:00
40.641895,-73.93324,2021_04_14_00:00:00
40.83878,-73.918106,2021_04_14_00:00:00
40.663227,-73.93159,2021_04_11_00:00:00
40.76151,-73.88361,2021_04_14_00:00:00
40.70042,-73.956566,2021_04_16_00:00:00
40.609436,-74.0694,2021_04_14_00:00:00
40.64393,-73.99933,2021_04_14_00:00:00
40.61636,-74.15677,2021_04_16_00:00:00
40.761303,-73.86043,2021_04_15_00:00:00
40.694836,-73.96915,2021_04_16_00:00:00
40.580658,-73.985664,2021_04_16_00:00:00
40.872303,-73.84665,2021_04_15_00:00:00
40.639805,-73.95132,2021_04_10_00:00:00
40.60871,-73.74768,2021_04_14_00:00:00
40.758156,-73.89627,2021_04_16_00:00:00
40.824932,-73.82431,2021_04_14_00:00:00
40.61242,-73.991234,2021_04_15_00:00:00
40.696213,-73.97528,2021_04_16_00:00:00
40.783146,-73.97833,2021_04_14_00:00:00
40.897415,-73.85018,2021_04_16_00:00:00
40.73444,-73.72179,2021_04_15_00:00:00
40.642002,-73.898834,2021_04_14_00:00:00
40.800663,-73.946465,2021_04_06_00:00:00
40.643517,-73.96098,2021_04_16_00:00:00
40.84621,-73.91227,2021_04_16_00:00:00
40.707493,-73.94153,2021_04_14_00:00:00
40.786854,-73.82236,2021_04_14_00:00:00
40.88887,-73.864365,2021_04_14_00:00:00
40.682156,-73.920616,2021_04_16_00:00:00
40.677025,-73.95268,2021_04_16_00:00:00
40.84797,-73.924774,2021_04_10_00:00:00
40.66827,-73.90263,2021_04_16_00:00:00
40.752045,-73.879036,2021_02_26_00:00:00
40.671448,-73.78943,2021_04_15_00:00:00
40.666393,-73.764465,2021_04_15_00:00:00
40.826153,-73.920265,2021_04_15_00:00:00
40.74652,-73.99388,2021_04_13_00:00:00
40.694637,-73.949066,2021_04_12_00:00:00
40.68561,-73.80654,2021_04_16_00:00:00
40.678852,-73.88152,2021_04_14_00:00:00
40.79157,-73.94469,2021_04_09_00:00:00
40.66305,-73.74874,2021_04_14_00:00:00
40.758537,-73.97721,2021_04_15_00:00:00
40.716824,-73.82019,2021_04_14_00:00:00
40.605072,-73.997795,2021_04_15_00:00:00
40.827595,-73.85004,2021_04_15_00:00:00
40.835598,-73.9138,2021_04_13_00:00:00
40.74832,-73.87729,2021_04_16_00:00:00
40.81094,-73.94318,2021_04_16_00:00:00
40.64884,-73.95102,2021_04_15_00:00:00
40.64124,-73.943726,2021_04_14_00:00:00
40.810486,-73.905075,2021_04_14_00:00:00
40.636612,-73.97708,2021_04_13_00:00:00
40.72956,-73.87145,2021_04_16_00:00:00
40.67474,-73.99777,2021_04_14_00:00:00
40.765152,-73.995155,2021_04_15_00:00:00
40.704483,-73.9488,2021_04_15_00:00:00
40.742523,-73.94924,2021_04_16_00:00:00
40.74217,-73.804436,2021_04_14_00:00:00
40.852673,-73.919106,2021_04_14_00:00:00
40.57699,-73.98153,2021_04_15_00:00:00
40.711033,-73.7281,2021_04_15_00:00:00
40.818607,-73.904785,2021_04_15_00:00:00
40.696445,-73.8131,2021_04_14_00:00:00
40.733376,-73.86665,2021_04_16_00:00:00
40.679073,-73.92527,2021_04_15_00:00:00
40.7722,-73.74176,2021_04_16_00:00:00
40.66597,-73.928604,2021_04_15_00:00:00
40.683342,-74.001976,2021_04_14_00:00:00
40.59675,-73.97329,2021_04_16_00:00:00
40.703,-73.94425,2021_04_15_00:00:00
40.825424,-73.923485,2021_04_15_00:00:00
40.676132,-73.921906,2021_04_14_00:00:00
40.588078,-74.16127,2021_04_11_00:00:00
40.65319,-73.96622,2021_04_14_00:00:00
40.658295,-73.93109,2021_04_16_00:00:00
40.8541,-73.919106,2021_04_14_00:00:00
40.769794,-73.90045,2021_04_15_00:00:00
40.633514,-74.026955,2021_04_15_00:00:00
40.608433,-74.15544,2021_04_14_00:00:00
40.672638,-73.97678,2021_04_15_00:00:00
40.64588,-73.95195,2021_04_16_00:00:00
40.711353,-73.77518,2021_04_07_00:00:00
40.74456,-73.95598,2021_04_16_00:00:00
40.657894,-73.88153,2021_04_14_00:00:00
40.778625,-73.77587,2021_04_14_00:00:00
40.60783,-74.1465,2021_04_16_00:00:00
40.777504,-73.954956,2021_04_14_00:00:00
40.841084,-73.937935,2021_04_15_00:00:00
40.7075,-73.800674,2021_04_15_00:00:00
40.621357,-74.02198,2021_04_14_00:00:00
40.666748,-73.764534,2021_04_14_00:00:00
40.71178,-73.91737,2021_04_16_00:00:00
40.677876,-73.85064,2021_04_15_00:00:00
40.667114,-73.834656,2021_04_14_00:00:00
40.703915,-73.94817,2021_04_14_00:00:00
40.844563,-73.901276,2021_04_15_00:00:00
40.65505,-73.95631,2021_04_13_00:00:00
40.710476,-73.963844,2021_04_07_00:00:00
40.584343,-73.962,2021_04_15_00:00:00
40.759205,-73.98464,2021_04_16_00:00:00
40.8188,-73.95603,2021_04_14_00:00:00
40.693882,-73.72966,2021_04_15_00:00:00
40.622272,-74.00306,2021_04_15_00:00:00
40.66377,-73.76881,2021_04_15_00:00:00
40.675106,-73.97714,2021_04_14_00:00:00
40.706142,-74.00603,2021_04_15_00:00:00
40.821156,-73.88635,2021_04_15_00:00:00
40.685585,-73.78584,2021_04_16_00:00:00
40.631573,-73.99547,2021_04_07_00:00:00
40.800972,-73.947174,2021_04_05_00:00:00
40.72304,-73.8563,2021_04_14_00:00:00
40.75734,-73.98602,2021_04_15_00:00:00
40.60109,-74.09284,2021_04_16_00:00:00
40.867554,-73.84065,2021_04_16_00:00:00
40.8651,-73.92189,2021_04_14_00:00:00
40.69942,-73.86878,2021_04_13_00:00:00
40.85687,-73.93477,2021_04_14_00:00:00
40.76051,-73.82914,2021_04_14_00:00:00
40.846153,-73.932335,2021_04_16_00:00:00
40.707523,-73.96115,2021_04_16_00:00:00
40.72773,-73.90674,2021_04_14_00:00:00
40.884014,-73.8791,2021_04_15_00:00:00
40.63651,-74.133,2021_04_15_00:00:00
40.723347,-73.939316,2021_04_15_00:00:00
40.865067,-73.9281,2021_04_14_00:00:00
40.81945,-73.902054,2021_04_09_00:00:00
40.876095,-73.868126,2021_04_14_00:00:00
40.79672,-73.97618,2021_04_16_00:00:00
40.673016,-73.89718,2021_04_15_00:00:00
40.667908,-73.76281,2021_04_16_00:00:00
40.697327,-73.82961,2021_04_15_00:00:00
40.898373,-73.87283,2021_04_15_00:00:00
40.741917,-73.823425,2021_04_14_00:00:00
40.825115,-73.92541,2021_04_15_00:00:00
40.700813,-73.95447,2021_04_16_00:00:00
40.744923,-73.83709,2021_04_14_00:00:00
40.597706,-74.092575,2021_04_14_00:00:00
40.7375,-73.93385,2021_04_14_00:00:00
40.842678,-73.899376,2021_04_14_00:00:00
40.70675,-73.76271,2021_04_15_00:00:00
40.68018,-73.95994,2021_04_14_00:00:00
40.805058,-73.93904,2021_04_15_00:00:00
40.732857,-73.79857,2021_04_15_00:00:00
40.671032,-73.93927,2021_04_11_00:00:00
40.737568,-74.00149,2021_04_16_00:00:00
40.594105,-73.79242,2021_04_15_00:00:00
40.628258,-73.94135,2021_04_16_00:00:00
40.71058,-73.87064,2021_04_07_00:00:00
40.64994,-74.00172,2021_04_14_00:00:00
40.581745,-73.95384,2021_04_14_00:00:00
40.62146,-74.071754,2021_04_14_00:00:00
40.69627,-73.90956,2021_04_15_00:00:00
40.670624,-73.895546,2021_04_15_00:00:00
40.766922,-73.83548,2021_04_14_00:00:00
40.641205,-73.877205,2021_04_16_00:00:00
40.74156,-73.88065,2021_04_14_00:00:00
40.68405,-73.97746,2021_04_15_00:00:00
40.70277,-73.990685,2021_04_08_00:00:00
40.60365,-73.99204,2021_04_14_00:00:00
40.811512,-73.89053,2021_04_14_00:00:00
40.74947,-73.85056,2021_04_16_00:00:00
40.75597,-73.91262,2021_04_16_00:00:00
40.607838,-74.0872,2021_04_14_00:00:00
40.825455,-73.91317,2021_04_16_00:00:00
40.66615,-73.80575,2021_04_16_00:00:00
40.859444,-73.915985,2021_04_16_00:00:00
40.679276,-73.92906,2021_04_15_00:00:00
40.86536,-73.87043,2021_04_16_00:00:00
40.748024,-73.88021,2021_04_14_00:00:00
40.741028,-73.99417,2021_04_15_00:00:00
40.757977,-73.88297,2021_04_16_00:00:00
40.752445,-73.96461,2021_04_16_00:00:00
40.802696,-73.949196,2021_04_11_00:00:00
40.690174,-73.95527,2021_04_14_00:00:00
40.738354,-73.89591,2021_04_14_00:00:00
40.673588,-73.73351,2021_04_14_00:00:00
40.68341,-73.87687,2021_07_19_00:00:00
40.5837,-73.94259,2021_04_04_00:00:00
40.648075,-73.95959,2021_04_17_00:00:00
40.67901,-73.81259,2021_04_17_00:00:00
40.671597,-73.88018,2021_04_16_00:00:00
40.648823,-73.951775,2021_04_09_00:00:00
40.610443,-73.93462,2021_03_30_00:00:00
40.638515,-73.94993,2021_04_17_00:00:00
40.828293,-73.861725,2021_04_15_00:00:00
40.62556,-73.94664,2021_04_17_00:00:00
40.702255,-73.92008,2021_04_17_00:00:00
40.666397,-73.755516,2021_04_17_00:00:00
40.617588,-73.96382,2021_04_16_00:00:00
40.870796,-73.9039,2021_04_16_00:00:00
40.62156,-74.16849,2021_04_17_00:00:00
40.748985,-73.89162,2021_04_17_00:00:00
40.74898,-73.93969,2021_04_17_00:00:00
40.702408,-73.93502,2021_04_17_00:00:00
40.68838,-73.80559,2021_04_17_00:00:00
40.831856,-73.86826,2021_04_16_00:00:00
40.827423,-73.86823,2021_04_17_00:00:00
40.712727,-73.72899,2021_04_17_00:00:00
40.8047,-73.91243,2021_04_17_00:00:00
40.665257,-73.739555,2021_04_17_00:00:00
40.70052,-73.811066,2021_04_17_00:00:00
40.757668,-73.99483,2021_04_17_00:00:00
40.787846,-73.840096,2021_04_17_00:00:00
40.74125,-73.81912,2021_04_17_00:00:00
40.833813,-73.86275,2021_04_17_00:00:00
40.810093,-73.95309,2021_04_17_00:00:00
40.837803,-73.94215,2021_04_17_00:00:00
40.813385,-73.94511,2021_04_16_00:00:00
40.87341,-73.87589,2021_04_17_00:00:00
40.652985,-73.95271,2021_04_14_00:00:00
40.715355,-73.99773,2021_04_17_00:00:00
40.84715,-73.90125,2021_04_17_00:00:00
40.70537,-73.775826,2021_04_17_00:00:00
40.619484,-73.918274,2021_04_17_00:00:00
40.821667,-73.915184,2021_04_12_00:00:00
40.742065,-73.90036,2021_04_17_00:00:00
40.679012,-73.758675,2021_04_17_00:00:00
40.700726,-73.94194,2021_04_09_00:00:00
40.637012,-74.01515,2021_04_17_00:00:00
40.822388,-73.934296,2021_04_15_00:00:00
40.76286,-73.98941,2021_04_17_00:00:00
40.58524,-74.093414,2021_04_17_00:00:00
40.85814,-73.895744,2021_04_15_00:00:00
40.885433,-73.82924,2021_04_17_00:00:00
40.65719,-73.927055,2021_04_07_00:00:00
40.725994,-73.89843,2021_04_17_00:00:00
40.653202,-73.93056,2021_04_17_00:00:00
40.880466,-73.88384,2021_04_17_00:00:00
40.762012,-73.911,2021_04_17_00:00:00
40.608204,-73.920715,2021_04_15_00:00:00
40.82099,-73.89181,2021_04_17_00:00:00
40.654312,-73.91759,2021_04_17_00:00:00
40.75455,-73.96252,2021_04_16_00:00:00
40.739094,-73.91762,2021_04_17_00:00:00
40.743275,-73.77572,2021_04_15_00:00:00
40.6553,-73.90318,2021_04_17_00:00:00
40.60307,-74.14047,2021_04_16_00:00:00
40.669704,-73.94774,2021_04_12_00:00:00
40.62126,-74.03143,2021_04_17_00:00:00
40.651974,-73.86542,2019_04_17_00:00:00
40.74525,-73.95575,2021_04_17_00:00:00
40.880493,-73.903694,2021_04_17_00:00:00
40.655754,-73.92403,2021_04_17_00:00:00
40.805737,-73.94065,2021_04_16_00:00:00
40.6238,-73.92351,2021_04_15_00:00:00
40.686825,-73.93881,2021_04_16_00:00:00
40.653862,-74.008286,2021_04_17_00:00:00
40.665497,-73.75573,2021_04_17_00:00:00
40.75781,-73.97353,2021_04_17_00:00:00
40.574123,-74.00408,2021_04_17_00:00:00
40.69069,-73.85816,2021_04_17_00:00:00
40.704716,-73.92875,2021_04_16_00:00:00
40.72272,-73.95397,2021_04_17_00:00:00
40.744747,-73.99717,2021_04_16_00:00:00
40.818012,-73.92519,2021_04_17_00:00:00
40.66064,-73.96068,2021_04_02_00:00:00
40.831978,-73.93515,2021_04_15_00:00:00
40.836697,-73.907104,2021_04_17_00:00:00
40.875965,-73.83581,2021_04_17_00:00:00
40.763374,-73.99647,2021_03_30_00:00:00
40.787857,-73.951614,2021_04_16_00:00:00
40.661243,-73.923164,2021_03_24_00:00:00
40.75896,-73.82985,2021_04_17_00:00:00
40.75217,-73.97778,2021_04_17_00:00:00
40.724968,-74.00158,2021_04_17_00:00:00
40.757084,-73.91614,2021_04_10_00:00:00
40.838425,-73.941696,2021_04_17_00:00:00
40.624893,-73.934326,2021_04_15_00:00:00
40.672432,-73.911316,2021_04_17_00:00:00
40.652107,-73.93913,2021_04_13_00:00:00
40.804054,-73.93664,2021_04_17_00:00:00
40.57944,-73.979614,2021_04_17_00:00:00
40.826275,-73.85971,2021_04_16_00:00:00
40.74254,-73.82631,2021_04_17_00:00:00
40.7591,-73.99215,2021_04_17_00:00:00
40.80988,-73.90308,2021_04_17_00:00:00
40.667156,-73.9101,2021_04_17_00:00:00
40.693497,-73.94594,2021_04_17_00:00:00
40.66357,-73.92502,2021_04_16_00:00:00
40.67604,-73.84352,2021_04_17_00:00:00
40.835835,-73.877365,2021_02_03_00:00:00
40.72696,-73.846535,2021_04_17_00:00:00
40.71512,-73.77358,2021_04_05_00:00:00
40.82989,-73.855194,2021_03_31_00:00:00
40.817387,-73.92277,2021_04_17_00:00:00
40.794052,-73.970375,2021_04_17_00:00:00
40.665676,-73.7483,2021_04_17_00:00:00
40.509865,-74.24415,2021_04_11_00:00:00
40.764626,-73.99555,2021_04_16_00:00:00
40.706062,-73.91626,2021_04_12_00:00:00
40.753857,-73.91764,2021_04_17_00:00:00
40.82949,-73.87326,2021_04_16_00:00:00
40.699665,-73.95924,2021_04_17_00:00:00
40.823082,-73.86722,2021_04_16_00:00:00
40.685993,-73.83993,2021_04_16_00:00:00
40.845024,-73.92632,2021_04_17_00:00:00
40.69019,-73.7771,2021_04_17_00:00:00
40.736214,-73.713486,2021_04_17_00:00:00
40.73594,-73.85887,2021_04_17_00:00:00
40.58096,-73.96466,2021_04_01_00:00:00
40.800507,-73.938156,2021_04_16_00:00:00
40.74624,-73.89723,2021_04_16_00:00:00
40.70739,-73.90895,2021_04_17_00:00:00
40.632435,-73.88818,2021_04_17_00:00:00
40.7597,-73.80031,2021_04_17_00:00:00
40.812664,-73.906334,2021_04_17_00:00:00
40.72657,-73.85265,2021_04_17_00:00:00
40.65471,-73.93072,2021_04_14_00:00:00
40.831146,-73.85384,2021_04_17_00:00:00
40.657867,-73.920815,2021_04_17_00:00:00
40.749638,-73.99905,2021_04_16_00:00:00
40.69407,-73.82802,2021_04_16_00:00:00
40.833755,-73.86175,2021_04_16_00:00:00
40.838017,-73.914314,2021_04_17_00:00:00
40.60741,-73.926254,2021_04_14_00:00:00
40.697296,-73.92378,2021_04_17_00:00:00
40.57563,-73.96395,2021_04_17_00:00:00
40.82831,-73.94315,2021_04_17_00:00:00
40.759575,-73.96803,2021_04_10_00:00:00
40.72711,-73.80509,2021_04_17_00:00:00
40.90021,-73.8865,2021_04_16_00:00:00
40.86446,-73.91895,2021_04_17_00:00:00
40.87831,-73.870155,2021_04_17_00:00:00
40.799984,-73.944855,2021_04_17_00:00:00
40.63363,-74.138985,2021_04_17_00:00:00
40.86038,-73.88889,2021_04_17_00:00:00
40.65361,-73.9651,2021_04_17_00:00:00
40.821583,-73.94849,2021_04_12_00:00:00
40.85876,-73.89736,2021_04_17_00:00:00
40.793633,-73.94165,2021_04_17_00:00:00
40.802753,-73.93358,2021_04_17_00:00:00
40.639698,-74.11429,2021_04_17_00:00:00
40.6877,-73.91095,2021_04_17_00:00:00
40.61919,-73.92302,2021_04_16_00:00:00
40.820988,-73.89491,2021_04_17_00:00:00
40.635185,-73.92862,2021_04_15_00:00:00
40.74005,-73.99915,2021_04_17_00:00:00
40.7171,-73.9986,2021_04_13_00:00:00
40.65723,-73.96025,2021_04_12_00:00:00
40.57594,-74.010155,2021_04_17_00:00:00
40.747044,-73.98713,2021_04_17_00:00:00
40.849438,-73.91842,2021_04_17_00:00:00
40.75927,-73.980896,2021_04_16_00:00:00
40.585426,-74.10152,2021_04_14_00:00:00
40.72597,-73.775566,2021_04_08_00:00:00
40.68079,-73.99174,2021_04_17_00:00:00
40.6705,-73.94488,2021_04_17_00:00:00
40.661663,-73.923615,2021_04_17_00:00:00
40.712624,-73.95817,2021_04_17_00:00:00
40.721985,-73.84523,2021_04_17_00:00:00
40.76824,-73.92428,2021_04_17_00:00:00
40.696373,-73.74525,2021_04_17_00:00:00
40.760536,-73.95836,2021_04_17_00:00:00
40.874714,-73.84512,2021_04_17_00:00:00
40.656708,-74.00537,2021_04_17_00:00:00
40.632065,-74.038086,2021_04_17_00:00:00
40.623,-73.95905,2021_04_17_00:00:00
40.6568,-73.928,2021_04_17_00:00:00
40.589417,-74.09458,2021_04_16_00:00:00
40.831684,-73.85562,2021_04_16_00:00:00
40.709152,-73.87173,2021_04_17_00:00:00
40.69309,-73.94296,2021_04_17_00:00:00
40.686653,-73.80303,2021_04_17_00:00:00
40.817574,-73.89624,2021_04_17_00:00:00
40.72586,-73.90017,2021_04_17_00:00:00
40.82403,-73.94476,2021_04_17_00:00:00
40.829685,-73.8804,2021_04_16_00:00:00
40.703033,-73.9599,2021_04_17_00:00:00
40.685432,-73.75514,2021_04_17_00:00:00
40.75613,-73.96761,2021_04_17_00:00:00
40.627365,-74.166565,2021_04_15_00:00:00
40.824757,-73.94052,2021_04_17_00:00:00
40.880623,-73.84047,2021_04_17_00:00:00
40.71579,-73.79749,2021_04_17_00:00:00
40.708084,-73.92341,2021_04_17_00:00:00
40.628723,-74.08304,2021_04_13_00:00:00
40.788055,-73.94433,2021_04_16_00:00:00
40.798836,-73.93936,2021_04_16_00:00:00
40.742123,-73.92745,2021_04_17_00:00:00
40.844753,-73.90539,2021_04_17_00:00:00
40.816456,-73.86683,2021_04_15_00:00:00
40.86166,-73.910965,2021_04_17_00:00:00
40.833233,-73.8282,2021_04_17_00:00:00
40.78935,-73.842804,2021_04_17_00:00:00
40.699547,-73.764366,2021_04_17_00:00:00
40.766552,-73.89476,2021_03_21_00:00:00
40.74143,-73.94794,2021_04_17_00:00:00
40.648182,-73.94739,2021_04_16_00:00:00
