latitude,longitude,sub-district,traffic_density
40.6847914508,-74.0219117257278,24.0,90.97896440129449
40.685139176,-74.02113737184666,24.0,90.97896440129449
40.685550278,-74.02023618111916,24.0,90.97896440129449
40.685823683,-74.02587242202199,24.0,90.97896440129449
40.6859942566,-74.0258882415511,24.0,90.97896440129449
40.686213078,-74.02178562166512,24.0,90.97896440129449
40.686688464,-74.02351473722369,24.0,90.97896440129449
40.686990005,-74.01704692111952,24.0,90.97896440129449
40.687245382,-74.02401058816774,24.0,90.97896440129449
40.687398542,-74.01616495096428,24.0,90.97896440129449
40.68762992,-74.01635375386405,24.0,90.97896440129449
40.687699555,-74.01784287373991,24.0,90.97896440129449
40.687908362,-74.02336591546069,24.0,90.97896440129449
40.688168266,-74.02316327753604,24.0,90.97896440129449
40.688181816,-74.01490398403172,24.0,90.97896440129449
40.6883029255,-74.0165006238799,24.0,90.97896440129449
40.688690751,-74.01896509829042,24.0,90.97896440129449
40.689231762,-74.01919154425931,24.0,90.97896440129449
40.689749265,-74.02029954474362,24.0,90.97896440129449
40.689938447,-74.01811489380162,24.0,90.97896440129449
40.6907781051,-74.0213608406252,24.0,90.97896440129449
40.691026497,-74.01260737018482,24.0,90.97896440129449
40.691262234,-74.02018744549781,24.0,90.97896440129449
40.691266628,-74.01276602895439,24.0,90.97896440129449
40.691833942,-74.01835580778605,24.0,90.97896440129449
40.6920838258,-74.0183061531098,24.0,90.97896440129449
40.692533926,-74.01410267165936,24.0,90.97896440129449
40.692791708,-74.01542782131224,24.0,90.97896440129449
40.693146928,-74.01879708622153,24.0,90.97896440129449
40.6989737894,-74.0397030187602,24.0,195.11032130133762
40.701133021,-74.01372314441093,24.0,265.549527276057
40.701200356,-74.01374768342369,24.0,265.549527276057
40.701807024,-74.00998302289536,24.0,1397.616649882511
40.701903563,-74.00993626308046,24.0,697.0880820898445
40.701990377,-74.01584079939174,24.0,6242.381622128458
40.702196132,-74.00938127713896,24.0,697.0880820898445
40.70227493645,-74.013045796375,24.0,243.77695230775808
40.702686532,-74.01231160768083,24.0,163.19082377476536
40.70308727,-74.00589941745793,24.0,551.1534551247786
40.703099516,-74.0129978382912,24.0,32.72997768410612
40.703578684,-74.01159382696616,24.0,59.27414085979354
40.7035987827,-74.0143917690023,24.0,259.37061535377825
40.703695013,-74.01064454774598,24.0,59.27414085979354
40.703750383,-74.00704712676601,24.0,117.62591544233275
40.7040848277,-74.0089875528631,24.0,1542.2932330827068
40.70411332,-74.01673615209256,24.0,2617.3777113767155
40.704140707,-74.01070637443443,24.0,59.27414085979354
40.704269268,-74.02085081939283,24.0,1289.141414141414
40.704545914,-74.01006968341342,24.0,740.3549382716051
40.704553496,-74.01326979484504,24.0,176.99820609926252
40.704721157,-74.01155838499058,24.0,176.99820609926252
40.704730999,-74.01706855731072,24.0,1109.2447916666667
40.704775247,-74.00974639311217,24.0,1542.2932330827068
40.704824243,-74.00689991891616,24.0,119.79103389624589
40.704898336,-74.01753024981669,24.0,1289.141414141414
40.70497664,-74.01670727423507,24.0,243.1000142267748
40.705002761,-74.01262946733641,24.0,79.67496470750267
40.705147733,-74.00998418601552,24.0,1542.2932330827068
40.705543124,-74.00906648911297,24.0,119.79103389624589
40.705800043,-74.01699521616094,24.0,233.0008933409487
40.705948436,-74.01500328675284,24.0,774.5930644019816
40.70601231,-74.00881270660075,24.0,119.79103389624589
40.706140366,-74.01461987114978,24.0,167.6265270506108
40.706174865,-74.01793061274537,24.0,233.0008933409487
40.706233508,-74.01500255466327,24.0,774.5930644019816
40.706237207,-74.01433649678438,24.0,294.81355290554615
40.706459436,-74.01510283492294,24.0,177.05996710034393
40.706529933,-74.00225960869982,23.0,1156.3626282229002
40.706767065,-74.01250774039123,24.0,1690.1615271659327
40.706839867,-74.01757437049282,24.0,902.9519986619837
40.70694327,-74.01351885460902,24.0,528.280998389694
40.706982011,-74.00645562008715,24.0,87.07673525081691
40.70711101,-74.01396029905284,24.0,528.280998389694
40.707219298,-74.00745861058397,24.0,110.46772600772061
40.707324483,-74.01534376051974,24.0,820.399476096922
40.707403612,-74.01469808365016,24.0,1537.5706214689264
40.707507639,-74.01125467663418,24.0,503.5616203226913
40.70762398,-74.01750342243615,24.0,1325.6508949805982
40.70777032,-74.01296134424844,24.0,117.55075311067452
40.708328717,-73.99980743093866,23.0,1037.2398879790137
40.708457409,-74.01739796591468,24.0,8107.173265219242
40.708472598,-73.99919145260529,23.0,1037.2398879790137
40.708594022,-74.01101198470016,24.0,630.6352459016393
40.7086137803,-74.0093715658533,24.0,64.92894431554525
40.708667846,-74.00601167614364,24.0,234.7686439827361
40.708731067,-74.01326253180854,24.0,113.00780733095142
40.708756721,-74.00965928737533,24.0,121.71374764595105
40.708765803,-73.99928135450403,23.0,1037.2398879790137
40.708845629,-74.0025025396944,23.0,66.66666666666666
40.709043093,-74.00024663891942,23.0,1468.6328430766696
40.709044623,-74.00889270170745,24.0,436.1505599815264
40.70908976312,-74.007808236173,24.0,80.79363972383013
40.709097287,-74.01543085567637,24.0,1018.7900829031754
40.709113223,-74.01591803868273,24.0,1018.7900829031754
40.709522763,-74.00166466865358,23.0,66.66666666666666
40.709557321,-74.00643549157509,24.0,234.7686439827361
40.709560434,-74.00162290743312,23.0,10003.375771604939
40.709620004,-74.00157615385477,23.0,3544.366899302094
40.709645783,-74.00101490853488,23.0,469.8959697059279
40.709776171,-73.99204811967962,23.0,988.6482883802717
40.709793624,-73.99607593833781,23.0,613.4354833776799
40.709805672,-74.00998739189396,24.0,281.551116333725
40.70987195,-74.00705335878443,24.0,234.7686439827361
40.709912582,-74.00609031833338,24.0,234.7686439827361
40.710078371,-74.01638142202177,24.0,3729.3116171199667
40.710218967,-73.99632811656076,23.0,24.979825926566374
40.710366864,-74.01123100601572,24.0,526.2629642020743
40.710412543,-74.00947357911565,24.0,2930.8295397066263
40.710464761,-73.98465524517123,22.0,22.81311376340837
40.7105586602,-73.9941429429288,23.0,613.4354833776799
40.710775082,-73.98383902437166,22.0,22.81311376340837
40.710805284,-74.00775834326444,24.0,24.46125217600096
40.710815639,-73.98325429209237,22.0,658.4168478356929
40.710831905,-73.98150806170639,22.0,658.4168478356929
40.710861694,-74.01470919043182,24.0,1707.8221034112457
40.710891149,-74.00351115373047,23.0,4041.1979246930705
40.710891694,-73.99219158797202,23.0,1249.1687448046553
40.710973586,-74.00364239826584,23.0,4041.1979246930705
40.7110174069,-74.0108007673076,24.0,426.05866503990654
40.711207638,-74.00337609262502,23.0,4041.1979246930705
40.711210723,-73.98993758127737,23.0,212.88249855164057
40.71156888,-74.01578577438843,24.0,1924.8167659184612
40.711570089,-74.00245906841764,23.0,249.18140144073345
40.711593054,-73.99426516513576,23.0,1247.130440996507
40.711600652,-74.00378803887223,23.0,1850.1018778567102
40.711687224,-74.00695163488723,24.0,611.0924181247195
40.711700024,-73.99310362919095,23.0,309.0422486451939
40.7117150255,-74.0032429504997,23.0,1850.1018778567102
40.712008428,-74.00606917588449,23.0,1850.1018778567102
40.712066062,-74.0166029214327,24.0,1839.600827552635
40.712084696,-74.01012167536024,24.0,426.05866503990654
40.712401516,-73.97780677078417,22.0,6481.132864792503
40.712452541,-74.00485768087732,23.0,1850.1018778567102
40.712457174,-73.99253679064238,23.0,162.17011262397045
40.712489618,-73.98377464423741,22.0,22.81311376340837
40.712598565,-73.99888718693246,23.0,1875.1093613298337
40.71272772,-73.99798485426793,23.0,157.59075907590758
40.713051774,-73.99411843828304,23.0,852.3463831993777
40.713067033,-74.00291004097915,23.0,483.52678031676936
40.713091279,-73.99361384801739,23.0,551.4699097569528
40.713329521,-74.01099937071182,24.0,426.05866503990654
40.71367874,-73.99799439038729,23.0,285.2753195673549
40.71378675,-73.98511406569538,22.0,22.81311376340837
40.71385682427,-73.992468277406,23.0,360.7692307692308
40.71394077,-74.01232736561012,24.0,1839.600827552635
40.71402247,-74.00446683718917,23.0,483.52678031676936
40.7140532335,-73.9901890214031,23.0,55.74204946996466
40.71406913186,-73.997504453294,23.0,1406.9220430107528
40.714215712,-73.99472479457599,23.0,3070.624874422343
40.714250884,-73.99431855713253,23.0,662.1108664546309
40.714365229,-73.99282173481265,23.0,368.51970865467007
40.714419801,-73.99213486515167,23.0,397.5157582499073
40.714451064,-73.99959267186705,23.0,419.9672352317625
40.714461435,-73.98164975847828,22.0,304.24758977225093
40.714545678,-73.97689983466297,22.0,235.51265642775883
40.714558939,-74.00402022975042,23.0,483.52678031676936
40.714626711,-74.00242728601317,23.0,498.2309830679808
40.714824562,-73.99803530476056,23.0,452.86139596427387
40.714835678,-73.98300055079706,22.0,718.9127604166667
40.714926972,-74.00793943414322,24.0,24.46125217600096
40.714994598,-73.99886658988727,23.0,1733.3603896103893
40.715050579,-73.97745931681331,22.0,303.40862162076303
40.715122251,-73.98031062842897,22.0,1084.3601423841883
40.71515891,-74.00211455770949,23.0,110.345994007925
40.715170058,-74.00052734942693,23.0,169.01596454695928
40.715290968,-74.00078955186169,23.0,169.01596454695928
40.715356856,-73.99771916699535,23.0,257.1932429923891
40.715475602,-73.97818721652479,22.0,9657.723689669478
40.715492001,-73.97817919295119,22.0,9657.723689669478
40.715520167,-74.00923907438933,24.0,90.23668639053254
40.715579884,-73.97912075473518,22.0,5605.834641548927
40.7155962987,-73.9784173167427,22.0,1624.3481234504575
40.715649309,-73.97791649975204,22.0,321.5168482647296
40.715759939,-74.00497612896955,23.0,526.0389722365926
40.71576636,-74.00658647809979,23.0,526.0389722365926
40.71588431,-73.98285209712569,22.0,1363.7348149543272
40.715886192,-74.00280723502947,23.0,532.303370786517
40.7160230464,-73.9913094200525,23.0,3323.4602726845324
40.7161559809,-73.9758514262042,22.0,1874.4778613199665
40.716187952,-74.00920540153878,20.0,732.5784325662569
40.716341123,-73.98163951630775,22.0,1344.3824597820449
40.716369474,-73.97559485907036,22.0,60.76952594604168
40.716403341,-73.97572098444536,22.0,4447.6365436731285
40.716517328,-74.00330379192702,23.0,532.303370786517
40.716747617,-73.99369955048489,23.0,68.6081179425781
40.716971974,-73.98995019156716,23.0,90.71729957805907
40.716974851,-73.99445474272497,23.0,68.6081179425781
40.7171036482,-73.9841551837033,22.0,1361.230409885473
40.7171552794,-74.0029339530185,20.0,1214.8795496203195
40.717193467,-73.98410318006685,22.0,1361.230409885473
40.717279243,-73.9954287587875,23.0,577.8868509429088
40.717298094,-74.01268806175729,24.0,1839.600827552635
40.717332546,-74.00963498984416,20.0,732.5784325662569
40.7176873984,-74.0023555767028,20.0,1214.8795496203195
40.717739509,-74.00415339140889,20.0,1214.8795496203195
40.717928077,-73.98663134453051,22.0,1361.230409885473
40.718017094,-73.99995620864657,23.0,892.089208920892
40.71821308,-73.98743405826006,23.0,3194.063123313387
40.7182276777,-73.9747381507163,21.0,581.4153119802563
40.718273346,-74.00532369793707,20.0,1214.8795496203195
40.718290506,-73.98247747854305,22.0,1270.233450987677
40.718583426,-73.99174683325305,23.0,708.6160473882607
40.718776729,-73.99569878902935,23.0,348.3788395904437
40.718779146,-73.97487437771306,21.0,469.3982694617316
40.718802031,-74.01040126726114,20.0,732.5784325662569
40.718829354,-73.97468709792302,21.0,581.4153119802563
40.718840793,-73.97474240036401,21.0,581.4153119802563
40.7189695181,-73.9803053022246,22.0,3368.776227741863
40.71919298,-73.99984031437683,20.0,89.50001232103695
40.719282308,-73.97672128629871,21.0,1072.1299372462165
40.7195812726,-73.9980538650741,20.0,258.58607845982687
40.719777497,-74.00680843832598,20.0,732.5784325662569
40.719865174,-73.97878822171175,21.0,1304.6511627906975
40.719903425,-74.00260001909851,20.0,1214.8795496203195
40.720040311,-74.00391758971028,20.0,1214.8795496203195
40.720056988,-74.00565492157942,20.0,732.5784325662569
40.720202005,-73.97532281049456,21.0,189.30262591476534
40.7202342381,-73.9844773177515,21.0,166.03313490640465
40.720320979,-73.99404155268417,20.0,246.1925572771818
40.720405436,-74.00642808870975,20.0,732.5784325662569
40.720432657,-73.99986798351416,20.0,405.67989148864024
40.720475867,-74.00700417950614,20.0,732.5784325662569
40.720685478,-74.00930688765881,20.0,732.5784325662569
40.720893442,-73.99575172510592,20.0,246.1925572771818
40.7210275994,-73.9915054447527,20.0,246.1925572771818
40.721084915,-74.00584309069443,20.0,732.5784325662569
40.721161054,-73.98303472909403,21.0,519.1939434424405
40.721274827,-73.97485841984081,21.0,238.8480058144817
40.721326104,-73.97467370973213,21.0,4021.7695420110194
40.721390526,-73.97619163612177,21.0,238.8480058144817
40.721395379,-73.99273036108077,20.0,246.1925572771818
40.721523526,-74.01068283200343,20.0,732.5784325662569
40.721825442,-74.00685916387276,20.0,732.5784325662569
40.721854851,-74.00712464468478,20.0,732.5784325662569
40.721885778,-73.97734585310336,21.0,1551.0148702919785
40.722497237,-73.97689230339289,21.0,71.52899824253076
40.7224997865,-74.0067578563082,20.0,466.80335871900024
40.723259838,-73.98843048082284,19.0,1591.3347992507533
40.7234333,-74.00953456414774,20.0,466.80335871900024
40.723449318,-74.00382928974068,20.0,466.80335871900024
40.723513872,-74.01034155454563,20.0,466.80335871900024
40.723624837,-74.00478574894402,20.0,466.80335871900024
40.723633589,-73.98143721957886,21.0,119.00440044004401
40.72374573,-74.00611672324743,20.0,466.80335871900024
40.723882043,-73.98208242445315,21.0,119.00440044004401
40.724088873,-74.00942574639447,20.0,466.80335871900024
40.724221316,-74.00864380566402,20.0,466.80335871900024
40.724254957,-73.98484397576922,21.0,1467.809952206916
40.724267028,-74.00473947852464,20.0,851.5587213648155
40.724278569,-73.97328138697999,21.0,21910.254178272982
40.724551787,-74.00193353217419,20.0,30.860412834661762
40.724616724,-73.99163323602596,20.0,637.4984850321173
40.724697062,-73.97841275532578,21.0,117.21137891887172
40.724910122,-74.00464621647406,20.0,848.6530008269137
40.7250174602,-73.9948755409393,20.0,637.4984850321173
40.725044347,-74.01007001145108,20.0,466.80335871900024
40.725148372,-73.99588633198803,20.0,637.4984850321173
40.725325342,-73.97621107423468,21.0,17.8683879093199
40.725381614,-74.00010082423555,20.0,30.860412834661762
40.725582171,-73.98986956388136,19.0,1591.3347992507533
40.7258766745,-73.9775353164711,21.0,149.13919658347788
40.725914058,-74.00910673607578,20.0,374.1789354473386
40.726016417,-73.99387138529133,20.0,637.4984850321173
40.726175342,-74.01141700405365,20.0,374.1789354473386
40.726382516,-73.97209645613465,21.0,2880.5162810625534
40.726495384,-74.00234961894274,20.0,869.9796747967479
40.72660087,-74.00743353168835,20.0,374.1789354473386
40.7268771279,-74.0031220637457,20.0,869.9796747967479
40.726939419,-73.99473013006944,20.0,637.4984850321173
40.7269588159,-74.0034449141662,20.0,869.9796747967479
40.726996874,-73.99986308185862,20.0,34.64264347185788
40.727563742,-73.99419003864264,20.0,637.4984850321173
40.727584536,-73.99141387917173,19.0,229.12167026637866
40.7276034842,-74.0014368866845,20.0,34.64264347185788
40.727818775,-73.99475092982473,20.0,637.4984850321173
40.727867201,-73.99314657002448,19.0,319.4090382387022
40.728095819,-74.00209772133978,20.0,869.9796747967479
40.728103662,-73.99022459122982,19.0,495.01779359430606
40.728134969,-73.97165311891541,21.0,5096.910112359551
40.728143385,-73.97178449549217,21.0,5096.910112359551
40.72844574,-73.98178942199274,21.0,128.00806558244085
40.728768437,-73.98443161441539,19.0,1932.2805411453567
40.729007297,-73.99374703096086,19.0,920.0429299704856
40.729122943,-74.01077099375091,20.0,374.1789354473386
40.729142295,-73.99093053595452,19.0,495.01779359430606
40.729180532,-73.99581237168601,20.0,826.9136133852279
40.729447209,-74.00517157349292,20.0,869.9796747967479
40.729552233,-73.99657214484283,20.0,826.9136133852279
40.729653255,-74.00220337253585,20.0,869.9796747967479
40.729878687,-73.99072530409872,19.0,317.68601480327226
40.729926035,-73.98860284936329,19.0,2270.496502694645
40.729987976,-74.00049847634641,20.0,34.64264347185788
40.730120978,-73.98946844612149,19.0,810.1499788762146
40.730228236,-74.00685682128889,20.0,869.9796747967479
40.730324372,-74.00246883996668,20.0,869.9796747967479
40.730446661,-74.00430267333925,20.0,869.9796747967479
40.730539119,-73.98027304615304,21.0,137.97405189620756
40.730622869,-73.99064024236256,19.0,1979.4552169898432
40.730699695,-73.97599838267854,21.0,137.97405189620756
40.730718338,-74.00446035694131,20.0,869.9796747967479
40.731003244,-74.00462631607512,20.0,869.9796747967479
40.731043256,-73.99960360339156,20.0,34.64264347185788
40.731408831,-73.99697435541178,19.0,70.26287194918086
40.73155422,-74.00564770094934,20.0,869.9796747967479
40.731783686,-74.00780727269162,20.0,869.9796747967479
40.731856258,-73.99663935985464,19.0,70.26287194918086
40.732048465,-73.97865863721982,21.0,137.97405189620756
40.7322154303,-73.9986122561338,20.0,34.64264347185788
40.732318886,-74.00166271676179,20.0,869.9796747967479
40.732372332,-74.00579422144368,20.0,869.9796747967479
40.732425875,-74.0065013531848,20.0,869.9796747967479
40.73261191,-73.99827747034547,19.0,70.26287194918086
40.732698706,-73.98364598080816,19.0,2761.9722747321994
40.732730723,-73.99381380323446,19.0,72.20688998858013
40.732847181,-73.99591437458112,19.0,72.20688998858013
40.7329459857,-73.9979867078577,19.0,70.26287194918086
40.732961846,-73.97544936570266,21.0,137.97405189620756
40.73305394,-74.00640707693222,20.0,869.9796747967479
40.733203671,-74.00980015255962,17.0,742.8448032424709
40.733213921,-73.99111355499844,19.0,632.5835426657532
40.733240404,-74.00070346537152,20.0,34.64264347185788
40.733369517,-74.00739800291005,17.0,21.072084907803173
40.733371941,-74.00257298541385,20.0,869.9796747967479
40.73339151344,-74.004277553704,20.0,869.9796747967479
40.73340091,-74.00855364166799,17.0,21.072084907803173
40.733527114,-73.98986852139565,19.0,936.0585510820254
40.733748079,-73.98058829313861,19.0,2761.9722747321994
40.734034305,-73.99504997044725,19.0,606.2563477554336
40.734094369,-74.00849166308299,17.0,21.072084907803173
40.73427708,-73.97460227979292,21.0,137.97405189620756
40.734476537,-74.00846236447066,17.0,21.072084907803173
40.7346033556,-73.9843597568627,19.0,2761.9722747321994
40.734788124,-73.99924564878314,19.0,127.95145255266266
40.734813838,-74.00702854621122,17.0,21.072084907803173
40.735127806,-74.00157447249578,17.0,1561.8542306618263
40.735133213,-74.00606869860012,17.0,248.56797239121929
40.7352153,-73.99171498773394,19.0,182.11045641601197
40.735234953,-73.99886484841824,19.0,127.95145255266266
40.735946471,-73.97630684443361,16.0,2252.858709273183
40.735961379,-73.98939373341643,19.0,414.9191510864073
40.736128689,-73.97884941155544,19.0,2761.9722747321994
40.736215687,-73.97899715353334,19.0,2761.9722747321994
40.736376384,-73.98493339345687,19.0,331.5903228055497
40.73643169692,-74.006620319663,17.0,248.56797239121929
40.736530904,-73.99075240029164,19.0,18.26865415917074
40.7365913176,-73.9890793277419,19.0,2408.654628273955
40.736957591,-74.00649818404379,17.0,248.56797239121929
40.736982503,-73.97448171257714,16.0,3501.9451269451265
40.737111172,-73.97478960151608,16.0,3501.9451269451265
40.737186999,-73.97448380079084,16.0,3501.9451269451265
40.737229528,-74.00064726151977,17.0,1561.8542306618263
40.737332026,-73.98538720687989,19.0,331.5903228055497
40.737547469,-74.00482959331325,17.0,248.56797239121929
40.737549594,-74.00648762269552,17.0,248.56797239121929
40.737639856,-73.98612054479274,19.0,422.89351556180003
40.73813046,-74.00203202305228,17.0,1561.8542306618263
40.738141689,-74.00815390492271,17.0,21.072084907803173
40.738219008,-73.98567437913856,19.0,331.5903228055497
40.738286705,-73.98767543430631,19.0,437.3302552960348
40.738534735,-73.98642507037243,19.0,422.89351556180003
40.738553086,-73.98042358527488,18.0,416.93913480885317
40.738758621,-74.00810315479771,17.0,21.072084907803173
40.738870978,-73.98722820005958,19.0,422.89351556180003
40.739375928,-74.00825772543234,17.0,21.072084907803173
40.739379962,-74.00984362265525,17.0,742.8448032424709
40.739380206,-74.00994017102413,17.0,742.8448032424709
40.739492898,-73.98677423725373,18.0,534.9825402835625
40.739631099,-74.00633307505359,17.0,52.00095854301461
40.7398604612,-73.9777351961448,16.0,2252.858709273183
40.740160001,-73.98630170544276,18.0,534.9825402835625
40.740261688,-73.99051784255435,18.0,780.9709017574186
40.740346092,-73.97313333791764,16.0,3501.9451269451265
40.74044198,-73.99459264910554,19.0,699.0938779264984
40.740467369309,-74.00941672589,17.0,3029.835390946502
40.740831499,-73.97287836564031,16.0,5065.025716385012
40.740850213,-74.00512553518325,17.0,248.56797239121929
40.740955402,-73.98228834763424,18.0,453.0997876857749
40.741080025,-74.00155531453736,17.0,1447.5751366120219
40.741264752,-73.98206477797507,18.0,453.0997876857749
40.741274679,-73.97534263564368,16.0,3501.9451269451265
40.741444379,-73.98536433096568,18.0,416.93913480885317
40.74334959,-73.98413729050286,18.0,967.0356703567036
40.743425018,-73.99984823601524,17.0,737.5843726252739
40.7438252,-73.97950790993646,18.0,657.4225122349103
40.744466679,-73.97115745905857,16.0,1202.2095332671302
40.744504682,-73.97522420001326,16.0,217.2897196261682
40.7446738428,-74.0082589089775,17.0,889.9917891338231
40.745202827,-73.98278317135275,18.0,483.4760309384952
40.7452863736,-73.9887290551396,18.0,749.315537303217
40.74537505,-74.00811962428791,17.0,913.2924335378322
40.745623115,-73.97325090120047,16.0,270.51966974259346
40.745681337,-73.97212474231745,16.0,3757.9579579579577
40.745826359,-74.00181130603184,17.0,459.4182349402767
40.745951301,-73.99800821980608,17.0,200.99292356711499
40.745957295,-73.97277828245664,16.0,331.12290008841734
40.7462002482,-73.9738885316818,16.0,4466.02589774396
40.746327607,-73.97364302710403,16.0,397.4856496078907
40.746491848,-74.00132588169727,17.0,1184.7163031670427
40.7465685662,-73.9745811478171,16.0,867.0794409443116
40.746580899,-73.99755164555447,17.0,200.99292356711499
40.746637169,-73.9763220465465,16.0,813.2790592492086
40.74680348,-74.0078664338864,17.0,867.8543744169854
40.747205102,-73.99709902920391,18.0,1576.9671336681647
40.7472734482,-73.9778121918236,16.0,763.1003784849938
40.747448969,-73.96864662520076,16.0,531.1493558776167
40.747895434,-73.98916651704518,18.0,206.58068783068782
40.747905465,-73.97131675473112,16.0,1392.920466058764
40.74817761,-73.97228262774867,16.0,127.81643472498342
40.748196572,-73.96829534918463,16.0,1794.4106990622333
40.748921335,-73.97788818261026,16.0,160.16600310412312
40.7493411,-74.00818895109127,17.0,867.8126852400711
40.749473939,-74.00050946760678,17.0,2468.94203620661
40.749530188,-73.96936334362438,16.0,797.4608798346618
40.749734992,-73.97406954524283,16.0,364.65770103492173
40.750156958,-73.97698570728346,16.0,125.56871983186677
40.750175605,-73.97894989914614,14.0,124.5936809257574
40.750240835,-73.99859426080933,13.0,1427.713091506195
40.750660713,-73.98777909947286,18.0,208.8318618147812
40.750788241,-73.97848503384273,14.0,280.08352910467244
40.751175229,-73.95955055664443,15.0,1121.903624888293
40.751267475,-73.96773256395191,16.0,86.3536070131695
40.7514058651,-74.0051773110549,17.0,929.2320064334539
40.75144102,-73.97395914727245,16.0,1089.7435897435898
40.751822012,-73.96533407414978,16.0,239.05723905723906
40.751883406,-73.97710781138558,16.0,370.2776231991591
40.752688624,-74.00052667538124,13.0,1427.713091506195
40.752741379,-73.97510266165389,16.0,196.69135099212
40.752798714,-73.96520046681523,15.0,1837.1462264150941
40.752827873,-73.95737725898935,15.0,1224.8727881177226
40.752857234,-73.95727298072461,15.0,1224.8727881177226
40.752905351,-73.96414042484552,15.0,1121.903624888293
40.753367122,-73.97464798076302,16.0,1158.1131757468504
40.753441906,-73.99850458747068,13.0,373.68108188438106
40.753519544,-73.96340559085736,15.0,1121.903624888293
40.753636767,-73.99854092515085,13.0,373.68108188438106
40.753717088,-73.97743259180928,14.0,885.925151092515
40.754091115,-73.99207900077155,13.0,940.8699397071488
40.7542125515,-73.9768674400796,14.0,578.121446440755
40.75487619,-73.96852047039987,16.0,149.9675745784695
40.755159693,-73.96199895398017,15.0,3557.8838425829695
40.755206227,-73.99665517510424,13.0,1477.1726071285543
40.7552435375,-73.9732755980402,16.0,1087.586003123549
40.755755314,-73.95424726707007,15.0,163.692203922089
40.755799676,-73.99995867655608,13.0,150.90899194426302
40.7558167194,-73.9961658888822,13.0,346.36549782441773
40.755980109,-73.97696049656075,14.0,392.7825142092945
40.756058902,-73.96162229930414,15.0,8167.679053517549
40.756454515,-73.99577488185152,13.0,346.36549782441773
40.756496474,-73.95352390950339,15.0,738.8227743752318
40.75659034,-73.99993671582703,13.0,1916.2995594713657
40.7566357562,-73.9558139458618,15.0,163.692203922089
40.756765194,-73.96715254341488,15.0,1170.2069372444894
40.7569093315,-73.9954828819929,13.0,3308.728763913298
40.756971373,-74.00480506713535,13.0,536.1527967257845
40.75705315,-73.95262588579064,15.0,738.8227743752318
40.757075957,-73.96984859921484,15.0,1023.8951695786227
40.757747474,-73.95948743932189,15.0,2213.836832388803
40.757754768,-73.99522631718675,13.0,396.580483736447
40.757789159,-73.99680089701201,13.0,10455.186304128902
40.757796332,-73.99512250349613,13.0,1030.851063829787
40.7578115944,-73.9955367510559,13.0,65.59388079087891
40.757823347,-73.98716300910127,14.0,1064.7602324511895
40.758008239,-73.96623906580041,15.0,2521.126087372144
40.758036661,-73.96018161162492,15.0,2408.475983349703
40.75837498,-73.99840894337747,13.0,279.58465329109464
40.7589347004,-73.9585021559319,15.0,16400.551062480175
40.759065014,-73.97844980500963,14.0,708.3174764260644
40.759078401,-73.95941562429961,15.0,468.84290978779165
40.759119273,-73.95846654873255,15.0,3750.1815936660128
40.759164737,-73.97674467602127,14.0,447.24088780289145
40.75940435,-73.98510382895253,14.0,32.550957381099444
40.760216041,-73.95739642747859,15.0,16775.300978179082
40.760280818,-73.96355618932155,15.0,139.33458743683377
40.760322434,-74.00237321851532,13.0,2737.0114438228948
40.760364164,-73.97376587622131,14.0,473.27502429543244
40.760595837,-73.96328580823896,15.0,4173.855905998763
40.760729949,-73.96325894569503,15.0,4173.855905998763
40.760776601,-73.95657047521969,15.0,13070.268361581919
40.760776644,-73.95701966856426,15.0,444.13111002125225
40.760977297,-73.97133777276235,15.0,510.2777127701069
40.761039906,-73.97537360664685,14.0,468.4546615581099
40.761234847,-73.98166031258444,14.0,1547.0600676818951
40.761287749,-73.95589239862392,11.0,46.5163695677502
40.761346987,-74.00162163509579,13.0,5313.556107317746
40.761849254,-73.99478232006022,13.0,982.1570847486059
40.7619170927,-73.9484321650814,11.0,1698.8039937258688
40.7619683517,-74.0010358752528,13.0,1447.8833155460688
40.7621252487,-73.9973872232377,13.0,1008.1068801999035
40.7625374658,-74.0002955726903,13.0,9042.342904702455
40.762930085,-73.94467628145476,11.0,1808.5061541055472
40.762963292,-73.97186903976989,15.0,167.91070805720264
40.762966587,-73.97396798895763,14.0,661.4867536575722
40.7636730473,-73.9534353929831,11.0,1698.8039937258688
40.763925357,-73.97410620656788,12.0,180.32117065754466
40.76399968,-73.99600204812027,13.0,938.875712561894
40.7640108706,-73.9983990438538,13.0,2107.5398489932886
40.7640266755,-73.9475682099827,11.0,3430.643966690688
40.764038959,-73.94913683051468,11.0,2043.8457093325628
40.76410529,-73.96681337238606,15.0,597.4794632379203
40.764204141,-73.96898699756049,15.0,457.242128121607
40.76424494,-73.99849707679952,13.0,2107.5398489932886
40.764278879,-73.97301487242221,12.0,180.32117065754466
40.764399921,-73.99885325161696,13.0,2107.5398489932886
40.764626063,-73.99554485701445,13.0,938.875712561894
40.764897731,-73.97255352295763,12.0,180.32117065754466
40.7652527864,-73.9950881318876,13.0,938.875712561894
40.765279618,-73.95198794496466,11.0,13490.065180824222
40.765364181,-73.98757673927486,12.0,662.5881553233071
40.765457502,-73.96807742627672,15.0,457.242128121607
40.765459859,-73.98198845097943,12.0,554.3999315185756
40.765545366,-73.95470085083706,11.0,537.63655742073
40.767055082,-73.95048522608525,11.0,3270.271933062631
40.7671189143,-73.9564956415255,11.0,57.820292272671985
40.767352218,-73.99622237272236,13.0,938.875712561894
40.76739372241,-73.970727774146,15.0,527.1254430034661
40.767815382,-73.98950498236549,12.0,852.4002621446712
40.767989992,-73.99574495408581,13.0,938.875712561894
40.7680250324,-73.9702816550227,15.0,527.1254430034661
40.76820395,-73.98145773072422,12.0,4465.290427039061
40.768531562,-73.94927471425143,11.0,7315.888502928757
40.768840321,-73.98197147579323,12.0,308.3503671738966
40.769120065,-73.95503700520358,11.0,2037.6096771445607
40.769221463,-73.96730534088803,15.0,457.242128121607
40.769469095,-73.94993561097907,11.0,398.7844577845473
40.770044335,-73.94935867073268,9.0,110.74135699759658
40.770519704,-73.98202018796805,12.0,303.9012129821877
40.770987759,-73.99091307553007,12.0,252.49935249935254
40.7711447664,-73.9639215544772,11.0,111.96402517366784
40.77132396,-73.98588649410662,12.0,736.7827825273275
40.771343578,-73.98204042141927,12.0,333.82198573858904
40.771426856,-73.94636972293151,9.0,622.9502087060226
40.771612192,-73.94673776175276,9.0,1886.699829820657
40.771833741,-73.96343403487558,11.0,111.96402517366784
40.77207364,-73.9499370524222,9.0,110.74135699759658
40.772350828,-73.94665626973149,9.0,1847.965917409465
40.772372981,-73.96078301110701,11.0,111.96402517366784
40.7727798098,-73.9932034718281,10.0,336.80901163820727
40.772831479,-73.99332519843287,10.0,336.80901163820727
40.772965336,-73.95825534937264,11.0,946.1048505634493
40.773008587,-73.98863554135832,10.0,747.0692181708473
40.773200249,-73.98648992777967,10.0,660.3409324296571
40.773621071,-73.94572829848752,9.0,2022.0215350504764
40.773733649,-73.96204380201743,11.0,111.96402517366784
40.773828581,-73.98211386727746,10.0,272.04759367785476
40.7739772684,-73.9485498498726,9.0,3450.6236118229963
40.7741556708,-73.9848794658504,10.0,514.261744966443
40.774548632,-73.98964708071814,10.0,376.5483552926415
40.774632266,-73.98208327998567,10.0,328.70579382994737
40.774734953,-73.98817718996462,10.0,660.3409324296571
40.774960162,-73.95889591124227,11.0,946.1048505634493
40.775148169,-73.94527480710289,9.0,1058.825439833717
40.7754372474,-73.9820481191547,10.0,322.41874696817047
40.775480384,-73.98020908064402,10.0,322.41874696817047
40.775532537,-73.97645777399887,10.0,194.0323668240054
40.77660407,-73.94662849542544,9.0,1445.3944650970673
40.776868479,-73.95540729761608,9.0,1311.844863731656
40.77714286,-73.98221146435307,10.0,269.7892358410194
40.778095523,-73.97829244313748,10.0,38.308310893061346
40.778138664,-73.95448224181145,9.0,1532.1500043504739
40.7781654036,-73.9886129394126,10.0,812.4903727664819
40.778167784,-73.97453231488427,8.0,356.1201520351305
40.778523772,-73.98741221759703,10.0,812.4903727664819
40.7788992744,-73.9431237359275,9.0,2232.560861423221
40.779124975,-73.98497627957538,10.0,49.491249491249484
40.779425382,-73.94366111001891,9.0,2496.9612609786705
40.779496799,-73.95558440508792,9.0,1532.1500043504739
40.779809967,-73.95033629840226,9.0,1759.359089547769
40.779925182,-73.98067365411009,10.0,2230.461393596987
40.780312633,-73.98567936117642,10.0,49.491249491249484
40.780515713,-73.94416114798733,9.0,2496.9612609786705
40.780650557,-73.97641669592211,8.0,504.7058823529412
40.780690905,-73.98698060488321,10.0,1024.6838521400778
40.780691973,-73.94659059180266,9.0,1526.8453465174778
40.780800409,-73.95463127618578,9.0,1759.359089547769
40.781044719,-73.92782275839184,5.0,407.60688042752173
40.781109419,-73.92786438136781,5.0,407.60688042752173
40.781795057,-73.98116822056105,10.0,2230.461393596987
40.782007674,-73.95165920749083,9.0,1759.359089547769
40.7826938669,-73.9552292829688,9.0,1759.359089547769
40.782828931,-73.94376005340628,9.0,2232.560861423221
40.783118148,-73.98037249029684,8.0,156.3643366069709
40.783242537,-73.97454045583096,8.0,504.7058823529412
40.783247572,-73.94472264526969,9.0,2496.9612609786705
40.783683108,-73.98521650669619,10.0,49.491249491249484
40.783725059,-73.98533194714136,10.0,49.491249491249484
40.783800572,-73.97988298176301,8.0,2060.700659035727
40.783890469,-73.95028254920855,9.0,1759.359089547769
40.783901119,-73.97405818202098,8.0,1683.1561733442352
40.784548406,-73.94182532871318,5.0,1082.1921716307202
40.784566042,-73.97957074285279,8.0,316.00166251039064
40.784974589,-73.98263773334095,8.0,713.868668486503
40.78499135,-73.92307610005068,5.0,1026.3229678123296
40.785109859,-73.97889505523699,8.0,177.48091603053436
40.785162555,-73.93510303583804,5.0,407.60688042752173
40.785170146,-73.97313390566826,8.0,50.740444509076795
40.785242268,-73.93532908422155,5.0,407.60688042752173
40.785251405,-73.93048456539212,5.0,6265.952333598515
40.785297429,-73.95556988507181,9.0,1759.359089547769
40.785358771,-73.98356833653834,8.0,713.868668486503
40.785734899,-73.97643948305863,8.0,177.31023102310232
40.785825097,-73.93988880644072,5.0,407.60688042752173
40.7858811745,-73.9488266716542,9.0,1526.8453465174778
40.785906028,-73.98366277920069,8.0,713.868668486503
40.786266972,-73.92571334537199,5.0,644.6789707333114
40.78635582433,-73.939098823829,5.0,407.60688042752173
40.786406282,-73.92994431197639,5.0,644.6789707333114
40.786463347,-73.97816051787733,8.0,307.4562494816289
40.7867326649,-73.9247949766341,5.0,1026.3229678123296
40.786772044,-73.92425969854641,5.0,1026.3229678123296
40.786958976,-73.93122745208771,5.0,644.6789707333114
40.78717826,-73.98324760957425,8.0,372.44335058983285
40.787615278,-73.97696514116365,8.0,156.23806249522502
40.787812763,-73.92088491577749,5.0,1026.3229678123296
40.787860469,-73.92340717628062,5.0,1026.3229678123296
40.788269586,-73.97639013927339,8.0,1097.4191203198839
40.788669987,-73.92564888220349,5.0,1026.3229678123296
40.788756386,-73.91921716254797,5.0,1026.3229678123296
40.7888620079,-73.9226226795899,5.0,1026.3229678123296
40.788913578,-73.97583563960185,8.0,192.97801409461113
40.788933543,-73.91958108378587,5.0,1026.3229678123296
40.788949464,-73.94055963793066,5.0,104.29416564667483
40.789168612,-73.95274231938393,5.0,496.32946111648914
40.78917601,-73.92316184916065,5.0,1026.3229678123296
40.7892245548,-73.9248258247837,5.0,1026.3229678123296
40.789375181,-73.92658930641282,5.0,1026.3229678123296
40.789540823,-73.97537551684593,8.0,189.123955840994
40.78961946,-73.92454780234658,5.0,1026.3229678123296
40.789620783,-73.92759789913207,5.0,1026.3229678123296
40.789650894,-73.91896719810732,5.0,1026.3229678123296
40.789684139,-73.95009123554358,5.0,129.52921395544348
40.789684794,-73.94814678247384,5.0,134.08338203779465
40.790166789,-73.97492020865755,8.0,189.49284458950544
40.790186713,-73.91990379242924,5.0,1026.3229678123296
40.790253108,-73.94563352428045,5.0,1357.6317590691306
40.7904704985,-73.9538891708097,7.0,272.08364827412447
40.790505786,-73.93664610884566,5.0,6158.050847457627
40.790614155,-73.97986246386732,8.0,123.94469595007953
40.790738141,-73.92115304614929,5.0,1026.3229678123296
40.790799074,-73.97446107356217,8.0,189.49284458950544
40.790843094,-73.91794122669017,5.0,1026.3229678123296
40.790846246,-73.91892207738285,5.0,1026.3229678123296
40.790971749,-73.91779688529249,5.0,1026.3229678123296
40.790972314,-73.92347193077885,5.0,1026.3229678123296
40.791003374,-73.91872789761479,5.0,1026.3229678123296
40.7913030685,-73.9174980126777,5.0,1026.3229678123296
40.79134669,-73.91954106955316,5.0,1026.3229678123296
40.791509457,-73.97420441259402,8.0,189.49284458950544
40.791547903,-73.91968143826763,5.0,1026.3229678123296
40.791587048,-73.92033743042826,5.0,1026.3229678123296
40.791599725,-73.91924577828333,5.0,1026.3229678123296
40.791735658,-73.92079380377557,5.0,1026.3229678123296
40.791757046,-73.91997627615258,5.0,1026.3229678123296
40.791772081,-73.93724220946412,5.0,1344.5213993961997
40.791873136,-73.93529038193668,5.0,893.8940357101792
40.791980882,-73.92050339801912,5.0,1026.3229678123296
40.792050571,-73.97354474925035,8.0,189.49284458950544
40.792081582,-73.92038414362281,5.0,1026.3229678123296
40.7921471948,-73.9206423542472,5.0,1026.3229678123296
40.792188194,-73.93819346894634,5.0,918.3252818035427
40.792245384,-73.94627912560583,5.0,89.9219414174202
40.792478552,-73.92038940878722,5.0,1026.3229678123296
40.792571983,-73.92291922026357,5.0,1026.3229678123296
40.792678138,-73.97308319771311,7.0,202.24884405212273
40.792690819,-73.92262571825079,5.0,1026.3229678123296
40.792858568,-73.96752994817949,7.0,488.44141857065927
40.793305755,-73.97263404164676,7.0,604.3256997455472
40.793541753,-73.94727112694882,5.0,104.98457947820287
40.7939213749,-73.9319223655837,5.0,1026.3229678123296
40.7939526765,-73.9741621139207,7.0,60.88667909674745
40.794310617,-73.97306799839667,7.0,155.00696101829752
40.794458327,-73.97846821911632,8.0,202.92242646451635
40.7946561581,-73.9306420650436,5.0,1026.3229678123296
40.794697612,-73.93636093045659,5.0,8231.576378721327
40.794860873,-73.94647964483298,5.0,100.73516913139557
40.795283747,-73.97118533898487,7.0,234.5169625739768
40.795636057,-73.94048792852408,5.0,1135.618479880775
40.795731679,-73.93266072114531,5.0,382.74071114662405
40.796017612,-73.97501632874948,7.0,487.6060013046315
40.7960634647,-73.9763358671262,7.0,124.40838404327249
40.796110826,-73.96144060721896,7.0,227.46825495305453
40.796301476,-73.93828508394984,5.0,1118.1638208364268
40.7963595079,-73.9322006176881,5.0,131.17433135386457
40.796552012,-73.97026645527687,7.0,234.26705187790475
40.796560864,-73.97225661759592,7.0,50.220633807259944
40.796643288,-73.96847628661934,7.0,72.38806523076012
40.796704423,-73.94884558971012,5.0,429.34402632120094
40.796749821,-73.91854835286351,5.0,134.5838502231538
40.796820132,-73.94522698885616,5.0,210.44383149448342
40.797005682,-73.92935649177085,5.0,134.5838502231538
40.797028579,-73.92905676213907,5.0,134.5838502231538
40.797110965,-73.91913013881637,5.0,134.5838502231538
40.7973357641,-73.9662528325561,7.0,0.0
40.797482591,-73.91983137814665,5.0,134.5838502231538
40.797482838,-73.94878702811201,5.0,429.34402632120094
40.797796065,-73.96935443193911,7.0,206.52494833185708
40.797831084,-73.91968073406687,5.0,134.5838502231538
40.7978535188,-73.9223259800923,5.0,134.5838502231538
40.797899927,-73.91984584547448,5.0,134.5838502231538
40.797988196,-73.96198124709852,7.0,36.67663434056402
40.798623638,-73.94161922662248,5.0,103.8932172855104
40.7986255557,-73.9395213181574,5.0,79.72142918937624
40.798654156,-73.96147779967508,7.0,36.67663434056402
40.798794477,-73.95192504742838,5.0,429.34402632120094
40.799066511,-73.97496239423018,7.0,71.22441096948629
40.799186134,-73.92174653986436,5.0,134.5838502231538
40.7993287429,-73.9609831768973,7.0,79.09891598915989
40.799352233,-73.95907669138458,7.0,314.3208863356586
40.799466426,-73.95536651686375,0.0,810.9292811221508
40.7994852223,-73.9754443598897,7.0,71.22441096948629
40.7996269691,-73.9260039972531,5.0,134.5838502231538
40.799681991,-73.92614797176685,5.0,134.5838502231538
40.799891846,-73.93858382723012,5.0,1061.9518776703399
40.799914369,-73.96237668149627,7.0,294.93000378357925
40.799961689,-73.92990156781947,5.0,134.5838502231538
40.800058539,-73.95102357963886,5.0,403.39285714285717
40.800066133,-73.92989315122838,5.0,315.05159264244054
40.800548243,-73.93160237998757,5.0,134.5838502231538
40.800585669,-73.96006508057145,0.0,1147.451963241437
40.800670477,-73.95848111476145,0.0,810.9292811221508
40.800688111,-73.95056231204941,5.0,648.9215510545498
40.80102754,-73.97115997034916,7.0,238.41961852861036
40.801156422,-73.95964685423183,0.0,2509.3612334801765
40.80116566,-73.92968575339611,5.0,315.05159264244054
40.801185433,-73.93974668160551,5.0,74.60396450194908
40.801282991,-73.93021651880092,5.0,840.5988551298987
40.801329281,-73.93005591076316,5.0,840.5988551298987
40.801368224,-73.93434275396605,5.0,1242.707863479176
40.801449166,-73.92981176589849,5.0,840.5988551298987
40.801481121,-73.9299622769854,5.0,840.5988551298987
40.801504041,-73.93054702498497,5.0,840.5988551298987
40.801754502,-73.93120156192079,5.0,1749.3446920052427
40.801800357,-73.96107794002158,0.0,1238.6680613668061
40.801831008,-73.93138307606154,5.0,146.35211882918304
40.802444289,-73.93882902162521,5.0,73.75383594592353
40.802550697,-73.94103467439778,5.0,239.98219056099734
40.802644833,-73.93331399726857,2.0,57.74523991941205
40.8027298212,-73.9492591052324,5.0,540.9205693296602
40.803071468,-73.93837150225394,2.0,373.3817043676199
40.803168908,-73.94446326682784,2.0,550.1078480172557
40.803919576,-73.93089124871717,2.0,39.60616590929341
40.80412687,-73.93104214688341,2.0,39.60616590929341
40.8044198653,-73.9553684567402,0.0,66.50175221603794
40.805039342,-73.93202184737837,2.0,39.60616590929341
40.805063156,-73.94116690782805,2.0,550.1078480172557
40.805121278,-73.95103526604292,0.0,453.7037037037037
40.805179537,-73.94727200427108,2.0,279.0572222913814
40.805405588,-73.96565157380208,0.0,208.60704059289202
40.805667465,-73.93839518220315,2.0,68.22965388213284
40.805761255,-73.94478208171824,2.0,179.83764082173624
40.8058931701,-73.9347417690912,2.0,5918.614498644986
40.806336507,-73.95586921881944,0.0,79.94206097392744
40.806415081,-73.93823518840072,2.0,185.84698748548573
40.806678643,-73.93491892549643,2.0,1267.3465096719933
40.806730877,-73.93353996967687,2.0,31426.048565121415
40.806913751,-73.93374920783141,2.0,31426.048565121415
40.80698845,-73.93382750700245,2.0,31426.048565121415
40.807034782,-73.93777438341391,2.0,208.09571038928837
40.807036766,-73.93522975267942,2.0,1077.8705074707227
40.80765566,-73.93731373585658,2.0,142.84600997506237
40.807769692,-73.93176476876219,2.0,31426.048565121415
40.808201197,-73.96645825452369,0.0,142.5409473218238
40.808631948,-73.93474016767688,2.0,122.78604234857544
40.808665791,-73.96539152895087,0.0,1006.1576354679803
40.808913434,-73.93639924821517,2.0,184.0854616083974
40.808933025,-73.94823349712655,2.0,1382.578244692493
40.809229035,-73.93478368407506,2.0,122.78604234857544
40.809340307,-73.95921746258654,0.0,140.33268823149942
40.809476697,-73.95357577810366,1.0,503.31077639525574
40.809581418,-73.93994875977052,2.0,365.56098397188646
40.809713355,-73.94413167729921,2.0,226.21718178796948
40.810208809,-73.93949397539919,2.0,365.7743863049095
40.810368068,-73.95374364094214,1.0,591.1504424778761
40.810882655,-73.96699282175037,0.0,49.900884415980485
40.810947189,-73.96305844719707,0.0,110.4757548032937
40.810992231,-73.95428809850684,1.0,194.98404876970213
40.811342397,-73.96407010018459,0.0,575.7109915449655
40.811427224,-73.93481179772809,2.0,8.732003357221254
40.811780289,-73.96099289655287,0.0,139.8644485520641
40.812007684,-73.95150537330764,1.0,453.73677248677245
40.81205082,-73.95354383019783,1.0,194.98404876970213
40.812075104,-73.93603211824113,2.0,496.82539682539675
40.812723694,-73.94547225500001,2.0,273.2625884311278
40.812786847,-73.93981046801477,2.0,767.1048911506928
40.81343829,-73.93421505158291,2.0,323.82992417385714
40.813725957,-73.95955072959185,1.0,95.58881294681436
40.813940865,-73.96216693185968,0.0,349.37810945273634
40.813990366,-73.96334524379778,0.0,866.0070088641518
40.814213966,-73.93442997837633,2.0,323.82992417385714
40.8142992807,-73.9530751071911,1.0,499.49031600407744
40.815007596,-73.93423115122356,2.0,146.537558685446
40.815070442,-73.95297387498282,1.0,117.60314006570248
40.8151742869,-73.9588316877443,1.0,2225.5726975222065
40.8155450872,-73.9569180278269,1.0,605.4916686223892
40.815673284,-73.93444474290848,2.0,146.537558685446
40.816085739,-73.96358581825024,0.0,196.3530655391121
40.816889409,-73.95727390725025,1.0,212.14104914026362
40.817083994,-73.94793362910092,1.0,1493.2813177286516
40.8171654,-73.93414633177207,2.0,74.94476663904997
40.81719756,-73.93636445980842,2.0,186.81372549019608
40.817310582,-73.93860859264812,2.0,648.245196125139
40.81790997,-73.96157544101301,1.0,1875.0352211890674
40.817914288,-73.93426432830026,2.0,220.2421171171171
40.817922998,-73.94973164992412,1.0,145.95756764431462
40.818047287,-73.96189984982462,1.0,1875.0352211890674
40.819106659,-73.93709552064888,2.0,711.6287468400144
40.819688281,-73.96007035447474,1.0,1875.0352211890674
40.819738901,-73.93665185930999,2.0,711.6287468400144
40.820255543,-73.94561280697297,1.0,132.28438228438227
40.820258531,-73.95948109163189,1.0,1875.0352211890674
40.820282685,-73.95954143519558,1.0,1875.0352211890674
40.8203030246,-73.9596597924323,1.0,1875.0352211890674
40.820438254,-73.93622694516239,2.0,711.6287468400144
40.820625707,-73.95841539467996,1.0,330.4591657903961
40.820726798,-73.95448438105159,1.0,791.819012797075
40.820926555,-73.95914765609727,1.0,330.4591657903961
40.821339381,-73.95403532156483,1.0,186.04067285965357
40.82146198,-73.94460364603847,1.0,132.28438228438227
40.821753986,-73.94723844746228,1.0,132.28438228438227
40.8221734,-73.95210583289882,1.0,176.45809438851367
40.82226891,-73.93848312036422,2.0,217.84214945424006
40.8226893207,-73.9494652711791,1.0,132.28438228438227
40.822876475,-73.95569660843533,1.0,330.4591657903961
40.823119564,-73.95049545345547,1.0,132.28438228438227
40.823596548,-73.93774589246297,2.0,217.84214945424006
40.824031556,-73.94475648879201,1.0,132.28438228438227
40.825927627,-73.93579472668708,2.0,312.4803124803125
40.826385625,-73.95034568246736,1.0,167.64108305344777
40.826400948,-73.95247111581806,1.0,224.799899949975
40.826580213,-73.94289540493446,1.0,132.28438228438227
40.826644491,-73.94305931196232,1.0,132.28438228438227
40.827201543,-73.93668018848442,2.0,217.84214945424006
40.827202828,-73.94244294196795,1.0,132.28438228438227
40.827656573,-73.93968952865349,2.0,178.97643438303615
40.827830084,-73.93493347935546,3.0,84.08554932097259
40.827877344,-73.93823618958648,2.0,215.83491261318167
40.828043398,-73.93467566411115,3.0,84.08554932097259
40.82827372,-73.95079678453398,1.0,224.799899949975
40.828420588,-73.93488461881986,3.0,84.08554932097259
40.828500315,-73.93778227559301,3.0,84.08554932097259
40.828942708,-73.95042926086748,1.0,224.799899949975
40.83017834,-73.94757857070356,1.0,132.28438228438227
40.83026946,-73.94020340133228,3.0,84.08554932097259
40.830600944,-73.93516472624762,3.0,84.08554932097259
40.83076685,-73.94107546980683,3.0,84.08554932097259
40.8308759259,-73.9497371303363,1.0,224.799899949975
40.830887994,-73.94732595299794,1.0,132.28438228438227
40.830890838,-73.94136799581425,3.0,84.08554932097259
40.831449529,-73.95076030859485,1.0,224.799899949975
40.831708361,-73.93540713184862,3.0,84.08554932097259
40.833277992,-73.93915487908161,3.0,84.08554932097259
40.833396295,-73.94523751958096,3.0,215.59221559221558
40.833487466,-73.94157724065518,3.0,25.85400531297939
40.834016221,-73.94477559538889,3.0,215.59221559221558
40.834115601,-73.94995611005086,3.0,55.66364029399049
40.834271239,-73.94536461992969,3.0,55.66364029399049
40.834314885,-73.94957957607518,3.0,55.66364029399049
40.8345046787,-73.9495483684727,3.0,55.66364029399049
40.834536729,-73.93896515676138,3.0,84.08554932097259
40.834843826,-73.93970455662686,3.0,84.08554932097259
40.834866683,-73.94945841047652,3.0,55.66364029399049
40.8357599342,-73.9349627417691,3.0,882.1876351059229
40.835890188,-73.94341184343135,3.0,215.59221559221558
40.836513318,-73.94294919706168,3.0,215.59221559221558
40.836533901,-73.94882985707396,3.0,55.66364029399049
40.836722134,-73.94900975502924,3.0,55.66364029399049
40.837221854,-73.94269535680036,3.0,215.59221559221558
40.837229761,-73.93883989917158,3.0,84.08554932097259
40.837629125,-73.93402719115306,3.0,149.7523359225487
40.83846972,-73.94373631643596,3.0,398.06718821905207
40.838749776,-73.93322207902834,3.0,170.49808429118775
40.838766508,-73.93505279800522,3.0,185.0570834036331
40.838797909,-73.93338109048864,3.0,170.49808429118775
40.839295461,-73.93923947617579,3.0,48.57419043015949
40.839483367,-73.93604012632976,3.0,185.0570834036331
40.83989428,-73.9387939344588,3.0,447.8319783197832
40.840193417,-73.94306494266053,3.0,174.57413249211356
40.841712527,-73.93556697240649,3.0,210.55548166866166
40.841811202,-73.94539066777347,3.0,2170.4491725768326
40.842915333,-73.93658972213001,3.0,87.90138802568882
40.844137331,-73.9375174030009,3.0,96.6961152123926
40.844246375,-73.93371553901271,3.0,201.95818787368083
40.844600612,-73.94245911123289,3.0,57.124961784990695
40.845300249,-73.93826178859071,3.0,130.3600776931122
40.84533509,-73.93057897184303,3.0,997.7774384554046
40.845486191,-73.94373474514751,3.0,57.124961784990695
40.845519757,-73.93468623926039,3.0,96.76465619192432
40.845643608,-73.94465009121106,3.0,57.124961784990695
40.84568456,-73.92959548456976,3.0,997.7774384554046
40.8459388758,-73.9306637041939,3.0,997.7774384554046
40.845954896,-73.94360213072795,3.0,57.124961784990695
40.84597932,-73.94405126108776,3.0,57.124961784990695
40.84604817,-73.94024163028087,3.0,130.3600776931122
40.846118053,-73.93164102165449,3.0,997.7774384554046
40.846460904,-73.93080473513633,3.0,997.7774384554046
40.846726031,-73.94306863748629,3.0,57.124961784990695
40.846752443,-73.94439739378188,3.0,57.124961784990695
40.846997651,-73.93351413501993,3.0,16591.207349081364
40.847111595,-73.92848002608454,3.0,19.02024194514313
40.847140444,-73.94231141375792,3.0,257.66767778901243
40.847149321,-73.94078713286679,3.0,166.62549407114628
40.847209753,-73.93977869235485,3.0,150.45945034564156
40.847741836,-73.93408605681714,3.0,648.828163833383
40.847998384,-73.93469317350514,3.0,131.08473870497605
40.848018719,-73.94043650995799,6.0,166.54314888010543
40.848038109,-73.93284984915884,3.0,112.70884689126264
40.8482193227,-73.9430043789726,6.0,2362.226277372263
40.848319755,-73.94247970634697,6.0,280.74988568815724
40.848566705,-73.94195614897284,6.0,103.16498316498316
40.848669523,-73.93918324748232,6.0,319.2043059892858
40.849087856,-73.94136992250914,6.0,326.83143821676236
40.849139168,-73.94110751523995,6.0,2755.7273768613973
40.849268821,-73.94132112988653,6.0,678.8650225404402
40.849288985,-73.93893513294837,6.0,886.3989423235829
40.849525539,-73.93991497554073,6.0,141.57315209946788
40.849596443,-73.94238440747199,6.0,6852.503257025871
40.849602931,-73.94323551739126,6.0,1511.6492184979913
40.849804394,-73.94292863011825,6.0,1511.6492184979913
40.84982101,-73.94255247803463,6.0,4918.207930503013
40.849899109,-73.94399775306154,6.0,1511.6492184979913
40.850326725,-73.94197726440271,6.0,2305.1877812391826
40.850416634,-73.93454397383132,6.0,37.00410058791561
40.85050974,-73.93104231556242,6.0,19.032219427476342
40.85064453,-73.93736531804582,6.0,124.48503018436939
40.850694369,-73.92747680551746,6.0,19.032219427476342
40.851109041,-73.93060212667038,6.0,140.06250723463364
40.851334043,-73.94021813934695,6.0,268.0049179552655
40.851450272,-73.94129958731068,6.0,1602.97131147541
40.851487278,-73.92937624638418,6.0,138.75120076849186
40.851541319,-73.94388026216289,6.0,2349.0774167669474
40.852127903,-73.93781969544807,6.0,124.48503018436939
40.852321993,-73.93877579811911,6.0,183.29258907148355
40.8523850905,-73.9412841154722,6.0,1602.97131147541
40.852476057,-73.92960287116881,6.0,154.51476793248943
40.85247873,-73.94150063914411,6.0,1602.97131147541
40.852487782,-73.92769565804304,4.0,147.0128855915658
40.853820677,-73.93635597446483,6.0,931.325515280739
40.853970899,-73.92576233683063,4.0,145.70337364735838
40.854828642,-73.93131488049694,6.0,149.61620737385175
40.854976127,-73.92778101169358,4.0,145.70337364735838
40.85498052641,-73.939310466627,6.0,160.5311689364462
40.855334584,-73.93331215384306,6.0,100.60836866182846
40.855754441,-73.93165564310598,4.0,25.92083404937847
40.856503092,-73.93276050002905,4.0,100.58441713970923
40.856850897,-73.93147477702905,4.0,25.92083404937847
40.857152201,-73.92739569711992,4.0,424.86266170476694
40.858113118,-73.93298300836739,4.0,306.9562968709594
40.8587446985,-73.9301179875976,4.0,366.2428322114186
40.859258775,-73.93416898327585,4.0,306.9562968709594
40.859421555,-73.92259396064885,4.0,415.8554766289573
40.859897779,-73.91984623877244,4.0,415.8554766289573
40.860148265,-73.91851751845824,4.0,113.9946480142013
40.860241983,-73.92841957769899,4.0,86.2820512820513
40.860476291,-73.92123475203852,4.0,193.7984496124031
40.8606466848,-73.9273296847504,4.0,130.99353008951522
40.860761255,-73.91795723582358,4.0,113.9946480142013
40.8608602758,-73.9288215632894,4.0,30.823395797842135
40.86125895,-73.92566899266578,4.0,96.83165797175211
40.861286834,-73.92492833014919,4.0,2016.712454212454
40.861661793,-73.92179276422551,4.0,193.7984496124031
40.86224085,-73.93259856050663,4.0,122.94567294567297
40.862394082,-73.91801418260418,4.0,113.9946480142013
40.862503165,-73.93420870870982,4.0,122.94567294567297
40.862613966,-73.92859849961731,4.0,78.09750087997183
40.862925423,-73.92776617598473,4.0,98.42738998157431
40.862938127,-73.91549966005852,4.0,419.6267061338596
40.862941685,-73.9327389621125,4.0,189.86298254590935
40.86300651,-73.91544970599628,4.0,419.6267061338596
40.863019758,-73.91755539185955,4.0,113.9946480142013
40.863113927,-73.92061202793963,4.0,113.9946480142013
40.863424221,-73.93002713570475,4.0,67.13780918727915
40.863573664,-73.92601092857583,4.0,50.07743300818477
40.863762572,-73.93350141856172,4.0,189.86298254590935
40.864524294,-73.9266194897759,4.0,50.07743300818477
40.866016847,-73.93297058301619,4.0,2329.8232873396278
40.866025356,-73.92587292985428,4.0,284.14315894122035
40.866308721,-73.93227282439814,4.0,2329.8232873396278
40.866448874,-73.93048780741874,4.0,2329.8232873396278
40.866741427,-73.92872643202398,4.0,477.2741288930004
40.866809951,-73.93099663550157,4.0,2329.8232873396278
40.866901469,-73.93203047576438,4.0,2329.8232873396278
40.867274898,-73.91921432256159,4.0,527.5534241965338
40.86738404,-73.92640661430111,4.0,284.14315894122035
40.867583933,-73.91841463824066,4.0,527.5534241965338
40.867632947,-73.91658793683801,4.0,31.51170609450455
40.867692784,-73.92121314408335,4.0,357.54424662570244
40.867815307,-73.92362922412512,4.0,171.9629772464327
40.868250662,-73.91613838273565,4.0,31.51170609450455
40.8686184729,-73.9193134011701,4.0,527.5534241965338
40.868777137,-73.91335197511184,4.0,31.51170609450455
40.869549509,-73.91814317681289,4.0,527.5534241965338
40.870224655,-73.91469383328209,4.0,31.51170609450455
40.870420922,-73.91864220319056,4.0,527.5534241965338
40.870579062,-73.93039276532576,4.0,2329.8232873396278
40.871007841,-73.91925481756165,4.0,527.5534241965338
40.871035053,-73.91168144732461,4.0,31.51170609450455
40.87104336,-73.91574589754076,4.0,527.5534241965338
40.871160593,-73.91400985483267,4.0,31.51170609450455
40.8716554659,-73.9112271232151,4.0,31.51170609450455
40.8732366296,-73.9115151612332,4.0,31.51170609450455
40.875825502,-73.92750983018732,4.0,171.9629772464327
